farm_code,trad_shannon,region,province,county,district,elevation_m,farm_area_ha,coffee_area_ha,coffee_flower,ground_flower,canopy_flower,abundance_on_farm,richness_on_farm,species,start_time,temp_c,wind,rain,rain_intensity,shade_type,sky,mean_temp_c,mean_precip_mm,mean_spring_precip_mm,mean_spring_temp_c,idufito,subunidad,patron,descrip,nombre,sub_anteri,sub,uf,sub_uf,uf_nombre,nomenclatu,recno,prop_forest_1km_sinac,hill_shannon
8,1.0609581504393426,Los Santos,San José,Dota,Santa María,2046,20,20,2,4,0,16,4,"BOMEPH, PARORI, TRICOR, TRIFUL",08:15:00 UTC,20.1,0,0,0,2,60,15.495833396911621,2325,147.53333600362143,16.77777777777778,18,11.1,12,Cordillera de Talamanca. Laderas del Pacífico de la cordillera de Talmanca de 1000 a 3000 metros de altitud. Topografía quebrada.,"Bosque mixto intermedio estacional, subnuboso a nuboso de la Vertiente Pacífica de la Cordillera de Talamanca",12a,1.1,UF11,SubUF11.1,FORMACIONES VEGETALES SIEMPREVERDE MONATANA DE LA CORDILLERA DE TALAMANCA,"Vegetación o bosque mixto intermedio estacional, subnuboso a nuboso de la vertiente Pacífica de la Cordillera de Talamanca",11.1,0.43083055610011106,6.184174385043047
11,1.0397207708399179,Los Santos,San José,Dota,Copey,1698,5,5,1,2,3,4,3,"BOMEPH, TRICOR, XYLTAB",09:11:00 UTC,21.2,0.8,0,0,2,35,17.47083282470703,2332,147.53333600362143,16.77777777777778,18,11.1,12,Cordillera de Talamanca. Laderas del Pacífico de la cordillera de Talmanca de 1000 a 3000 metros de altitud. Topografía quebrada.,"Bosque mixto intermedio estacional, subnuboso a nuboso de la Vertiente Pacífica de la Cordillera de Talamanca",12a,1.1,UF11,SubUF11.1,FORMACIONES VEGETALES SIEMPREVERDE MONATANA DE LA CORDILLERA DE TALAMANCA,"Vegetación o bosque mixto intermedio estacional, subnuboso a nuboso de la vertiente Pacífica de la Cordillera de Talamanca",11.1,0.29365831345770577,3.0510046052623916
20,0.6365141682948128,Los Santos,San José,Dota,Santa María,2117,4.14,3.4499999999999997,1,4,4,6,2,"BOMEPH, BOMMEL",11:58:00 UTC,19.6,2.4,0,0,2,2,15.270833015441895,2270,147.53333600362143,16.77777777777778,18,11.1,12,Cordillera de Talamanca. Laderas del Pacífico de la cordillera de Talmanca de 1000 a 3000 metros de altitud. Topografía quebrada.,"Bosque mixto intermedio estacional, subnuboso a nuboso de la Vertiente Pacífica de la Cordillera de Talamanca",12a,1.1,UF11,SubUF11.1,FORMACIONES VEGETALES SIEMPREVERDE MONATANA DE LA CORDILLERA DE TALAMANCA,"Vegetación o bosque mixto intermedio estacional, subnuboso a nuboso de la vertiente Pacífica de la Cordillera de Talamanca",11.1,0.6073481384715872,0
22,0.45056120886630463,Los Santos,San José,Dota,Copey,1779,2.76,2.76,1,2,0,6,2,"BOMEPH, TRICOR",11:11:00 UTC,25.4,1.1,0,0,1,15,16.70833396911621,2319,147.53333600362143,16.77777777777778,18,11.1,12,Cordillera de Talamanca. Laderas del Pacífico de la cordillera de Talmanca de 1000 a 3000 metros de altitud. Topografía quebrada.,"Bosque mixto intermedio estacional, subnuboso a nuboso de la Vertiente Pacífica de la Cordillera de Talamanca",12a,1.1,UF11,SubUF11.1,FORMACIONES VEGETALES SIEMPREVERDE MONATANA DE LA CORDILLERA DE TALAMANCA,"Vegetación o bosque mixto intermedio estacional, subnuboso a nuboso de la vertiente Pacífica de la Cordillera de Talamanca",11.1,0.2884860362567369,2.6832815729995056
28,1.0986122886681096,Los Santos,San José,Tarrazú,San Lorenzo,1480,2.3,2.3,1,1,0,3,3,"BOMEPH, PARORI, TRICOR",13:31:00 UTC,23.4,0.9,0,0,2,0,18.575000762939453,2032,160.76666662428113,19.72222222222222,18,11.1,12,Cordillera de Talamanca. Laderas del Pacífico de la cordillera de Talmanca de 1000 a 3000 metros de altitud. Topografía quebrada.,"Bosque mixto intermedio estacional, subnuboso a nuboso de la Vertiente Pacífica de la Cordillera de Talamanca",12a,1.1,UF11,SubUF11.1,FORMACIONES VEGETALES SIEMPREVERDE MONATANA DE LA CORDILLERA DE TALAMANCA,"Vegetación o bosque mixto intermedio estacional, subnuboso a nuboso de la vertiente Pacífica de la Cordillera de Talamanca",11.1,0.08033729899333246,3.000000000000202
71,0.6365141682948128,Valle Central,Heredia,Barva,San Pedro,1184,8,8,1,0,0,4,3,"BOMEPH, TRICOR, XYLSPP",12:37:00 UTC,26.3,0.9,0,0,0,5,20.620832443237305,2625,172.0666677686903,22.333333333333332,17,12.2,13,Valle Central y cerros de Escazú y Turrubares. Tierras plano onduladas del valle Central y áreas de topografía quebrada de los sistemas montañosos al sur,Bosque siempreverde subnuboso a nuboso de las serranías del Pacífico Central,13a,1.2,UF12,SubUF12.2,FORMACIONES VEGETALES SIEMPREVERDE SUBMONATANA A MONATANA DEL PACÍFICO CENTRAL(Valle Central-Cerro Turrubares),Vegetación o bosque siempreverde montano subnuboso a nuboso de las serranías del Pacífico Central,12.2,0.010809222127881915,2.121320343559825
55,1.3897154547004784,Pérez Zeledón,San José,Pérez Zeledón,San Pedro,980,6,3,3,1,0,35,10,"COLSPP, DIPSPP, HOMSPP, BOMMEL, PARORI, TETANG, TETBUC, TRIFUL, TRIPIP, HLCSPP",08:35:00 UTC,23.4,0.8,0,0,2,NA,21.266666412353516,2844,239.65555826822916,20.5,27,15.1,17,Valle del General. Cuenca media del rió Térraba. Topografía plano ondulada,Bosque semideciuo estacional del Valle de El Genera,17a,1.5,UF15,SubUF15.1,FORMACIONES VEGETALES SEMIDECIDUA A SIEMPREVERDE DEL VALLE DE GENERAL,Vegetación o bosque semideciduo a siempreverde estacional del Valle de General,15.1,0.26035541617666275,4.40241642009171
99,0.8486855577264172,Valle Occidental,Alajuela,Valverde Vega,Sarchi Norte,1553,17.939999999999998,16.56,3,4,4,12,6,"BOMMEL, EXOSPP, PARORI, TRIFUL, XYLSPP, HLCSPP",10:29:00 UTC,24.5,2.1,0,0,2,90,18.700000762939453,2459,175.38888804117838,19.833333333333332,16,10.1,11,Cordilleras de Tilarán y Volcánica Central. Cimas de la cordillera de Tilarán y de la cordillera Volcánica Central y laderas del pacífico por encima de los 1200 metros de altitud. Topografía quebrada,Bosque siempreverde estacional de la Vertiente Pacífica de la Cordillera Central,11a,1,UF10,SubUF10.1,FORMACIONES VEGETALES SIEMPREVERDE MONTANA DE LA CORDILLERA CENTRAL,Vegetación o bosque siempreverde de la vertiente Caribe de la cordillera Central,10.1,0.32481954469739033,3.1975438042525965
125,1.4270610433807247,Turrialba,Cartago,Turrialba,Santa Teresita,1110,6,1,1,1,0,9,5,"BOMMEL, PARORI, TETANG, TRIFUL, TRISIL",NA,26.113333333333333,0.7727272727272727,NA,NA,0,58,20.633333206176758,3230,223.45555453830295,21.444444444444443,16,10.2,11,Cordilleras de Tilarán y Volcánica Central. Cimas de la cordillera de Tilarán y de la cordillera Volcánica Central y laderas del pacífico por encima de los 1200 metros de altitud. Topografía quebrada,Bosque siempreverde de la Vertiente Caribe de la Cordillera Central,11b,1,UF10,SubUF10.2,FORMACIONES VEGETALES SIEMPREVERDE MONTANA DE LA CORDILLERA CENTRAL,Vegetación o bosque siempreverde estacional de la vertiente Pacífica de la cordillera Central,10.2,0.43018202019541846,4.705658444268787
130,1.5229550675313184,Turrialba,Cartago,Turrialba,Pavones,993,8,3,2,0,0,9,5,"BOMMEL, PARORI, TETANG, TRICOR, TRINIG",NA,23.933333333333334,0.3666666666666667,NA,NA,0,22.333333333333332,20.97916603088379,3334,212.45555623372397,21.944444444444443,19,11.3,12,Cordillera de Talamanca. Laderas del Caribe de la cordillera de Talmanca de 700 a 3000 metros de altitud. Topografía quebrada.,"Bosque mixto intermedio siempreverde, subnuboso a nuboso de la Vertiente Caribe de la Cordillera de Talamanca",12b,1.1,UF11,SubUF11.3,FORMACIONES VEGETALES SIEMPREVERDE MONATANA DE LA CORDILLERA DE TALAMANCA,12 b,11.3,0.45758060827806996,5.200472364538162
136,0.6931471805599453,Turrialba,Cartago,Turrialba,Santa Teresita,1042,19.5,6,1,0,0,2,2,"BOMMEL, TETANG",NA,27.608333333333334,0.35,NA,NA,1,33.45454545454545,21.075000762939453,3161,223.45555453830295,21.444444444444443,16,10.2,11,Cordilleras de Tilarán y Volcánica Central. Cimas de la cordillera de Tilarán y de la cordillera Volcánica Central y laderas del pacífico por encima de los 1200 metros de altitud. Topografía quebrada,Bosque siempreverde de la Vertiente Caribe de la Cordillera Central,11b,1,UF10,SubUF10.2,FORMACIONES VEGETALES SIEMPREVERDE MONTANA DE LA CORDILLERA CENTRAL,Vegetación o bosque siempreverde estacional de la vertiente Pacífica de la cordillera Central,10.2,0.2922981447609093,2.000000000000048
41,1.0397207708399179,Pérez Zeledón,San José,Pérez Zeledón,Pejibaye,661,4,4,2,0,0,4,3,"CEPZEX, TRICOR, TRINIG",12:15:00 UTC,32.3,1.2,0,0,2,50,22.983333587646484,2835,215.13333384195963,24.333333333333332,27,15.1,17,Valle del General. Cuenca media del rió Térraba. Topografía plano ondulada,Bosque semideciuo estacional del Valle de El Genera,17a,1.5,UF15,SubUF15.1,FORMACIONES VEGETALES SEMIDECIDUA A SIEMPREVERDE DEL VALLE DE GENERAL,Vegetación o bosque semideciduo a siempreverde estacional del Valle de General,15.1,0.33708745470570955,3.17488685288393
51,1.377819508039033,Pérez Zeledón,San José,Pérez Zeledón,Cajón,873,25,14,2,1,0,14,6,"CEPZEX, PARORI, TETANG, TRIFUL, TRINIG, HYMSPP",12:08:00 UTC,26.2,0.8,1,1,2,NA,22.02916717529297,2670,212.0999959309896,23.5,27,15.1,17,Valle del General. Cuenca media del rió Térraba. Topografía plano ondulada,Bosque semideciuo estacional del Valle de El Genera,17a,1.5,UF15,SubUF15.1,FORMACIONES VEGETALES SEMIDECIDUA A SIEMPREVERDE DEL VALLE DE GENERAL,Vegetación o bosque semideciduo a siempreverde estacional del Valle de General,15.1,0.1227388493436949,4.363885406627776
56,1.8479008005090658,Pérez Zeledón,San José,Pérez Zeledón,San Pedro,728,33,33,2,2,0,20,7,"CEPZEX, PARORI, PLEJAT, TETANG, TRICOR, TRIFUL, TRINIG",10:03:00 UTC,30.4,1.5,0,0,2,NA,22.799999237060547,2940,224.6111102634006,24.5,27,15.1,17,Valle del General. Cuenca media del rió Térraba. Topografía plano ondulada,Bosque semideciuo estacional del Valle de El Genera,17a,1.5,UF15,SubUF15.1,FORMACIONES VEGETALES SEMIDECIDUA A SIEMPREVERDE DEL VALLE DE GENERAL,Vegetación o bosque semideciduo a siempreverde estacional del Valle de General,15.1,0.24238860577551288,6.626003856772259
72,1.0397207708399179,Valle Central,Alajuela,Poas,San Pedro,1168,440,440,2,1,1,4,3,"CEPZEX, PARORI, TRICOR",08:25:00 UTC,24.4,0.8,0,0,2,45,20.245834350585938,2551,168.9222238328722,20.444444444444443,16,10.1,11,Cordilleras de Tilarán y Volcánica Central. Cimas de la cordillera de Tilarán y de la cordillera Volcánica Central y laderas del pacífico por encima de los 1200 metros de altitud. Topografía quebrada,Bosque siempreverde estacional de la Vertiente Pacífica de la Cordillera Central,11a,1,UF10,SubUF10.1,FORMACIONES VEGETALES SIEMPREVERDE MONTANA DE LA CORDILLERA CENTRAL,Vegetación o bosque siempreverde de la vertiente Caribe de la cordillera Central,10.1,0.07877282974482962,3.17488685288393
101,0.619098650222477,Valle Occidental,Alajuela,San Ramon,Piedades Sur,1041,25,10,3,0,0,35,5,"CEPZEX, PARORI, TRICOR, TRIFUL, XYLSPP",08:45:00 UTC,21.1,0.8,0,0,1,0,20.795833587646484,2736,155.22222264607748,22.77777777777778,0,9.1,10,"Tierras de laderas con topografía ondulada a quebrada, a partir de los 800 m (por el Pacífico) y 500 m (por el Caribe). Por su condición de cordillera relativamente más baja, de topografía general relativamente más uniforme en toda su extensión do",Bosque semideciduo a siempreverde estacional de la Vertiente Pacífica de la Cordillera de Tilarán,10a,9.1,UF9,SubUF9.1,FORMACIONES VEGETALES SIEMPREVERDE MONTANA DE LA CORDILLERA DE TILARAN,Vegetación o bosque semideciduo a siempreverde estacional de la vertiente Pacífica de la cordillera de Tilarán,9.1,0.11658606718076069,7.435451254502943
109,0.410116318288409,Valle Occidental,Alajuela,San Ramon,Alfaro,908,44,20,3,0,1,14,2,"CEPZEX, TRICOR",10:03:00 UTC,23.4,1.4,1,1,1,0,21.379167556762695,2268,155.22222264607748,22.77777777777778,0,9.1,10,"Tierras de laderas con topografía ondulada a quebrada, a partir de los 800 m (por el Pacífico) y 500 m (por el Caribe). Por su condición de cordillera relativamente más baja, de topografía general relativamente más uniforme en toda su extensión do",Bosque semideciduo a siempreverde estacional de la Vertiente Pacífica de la Cordillera de Tilarán,10a,9.1,UF9,SubUF9.1,FORMACIONES VEGETALES SIEMPREVERDE MONTANA DE LA CORDILLERA DE TILARAN,Vegetación o bosque semideciduo a siempreverde estacional de la vertiente Pacífica de la cordillera de Tilarán,9.1,0.1662039003037925,2.8577380332470828
122,2.1065773332321154,Turrialba,Cartago,Turrialba,La Suiza,826,2.07,0.34,3,0,1,14,9,"CEPZEX, MELCOS, NANPER, OXYMEL, PARORI, SCAPEC, TETANG, TRICOR, TRIFUL",NA,28.3,0.35,NA,NA,1,44.375,21.64583396911621,3050,239.54444715711804,23.444444444444443,19,11.3,12,Cordillera de Talamanca. Laderas del Caribe de la cordillera de Talmanca de 700 a 3000 metros de altitud. Topografía quebrada.,"Bosque mixto intermedio siempreverde, subnuboso a nuboso de la Vertiente Caribe de la Cordillera de Talamanca",12b,1.1,UF11,SubUF11.3,FORMACIONES VEGETALES SIEMPREVERDE MONATANA DE LA CORDILLERA DE TALAMANCA,12 b,11.3,0.20270931940590828,8.91090311299175
141,2.0982737395252498,Turrialba,Cartago,Turrialba,Pavones,805,5,5,3,0,1,11,9,"CEPZEX, MELCOS, NANPER, PARMUS, PLELLO, TETANG, TETBUC, TRIFUL, TRISIL",NA,27.84375,0.425,NA,NA,0,46.5625,22.125,3154,237.23333401150174,23.88888888888889,19,11.3,12,Cordillera de Talamanca. Laderas del Caribe de la cordillera de Talmanca de 700 a 3000 metros de altitud. Topografía quebrada.,"Bosque mixto intermedio siempreverde, subnuboso a nuboso de la Vertiente Caribe de la Cordillera de Talamanca",12b,1.1,UF11,SubUF11.3,FORMACIONES VEGETALES SIEMPREVERDE MONATANA DE LA CORDILLERA DE TALAMANCA,12 b,11.3,0.495900970049319,7.8799202611636865
86,1.6572089166604016,Valle Central,San José,Puriscal,Mercedes Sur,1025,2.76,0.5175,2,1,3,73,8,"EPIMAC, NANPER, PARORI, SCAPEC, SCAARG, TETANG, TRICOR, TRIFUL",11:45:00 UTC,29.6,1.1,0,0,2,45,21.116666793823242,2706,182.17777845594617,22.833333333333332,17,12.1,13,Valle Central y cerros de Escazú y Turrubares. Tierras plano onduladas del valle Central y áreas de topografía quebrada de los sistemas montañosos al sur,Bosque siempreverde estacional de las serranías y valles del Pacífico Central,13a,1.2,UF12,SubUF12.1,FORMACIONES VEGETALES SIEMPREVERDE SUBMONATANA A MONATANA DEL PACÍFICO CENTRAL(Valle Central-Cerro Turrubares),"Vegetación o bosque siempreverde submontano estacional de serranias, valles y mesetas del Pacífico Central",12.1,0.0899412148922273,6.779103498419667
134,1.5607104090414063,Turrialba,Cartago,Turrialba,Santa Teresita,955,6,4,1,0,0,6,5,"EUGDIS, PARORI, PLEJAT, TETANG, TRINIG",NA,29.72,0.58,NA,NA,1,52.7,21.04166603088379,3234,223.45555453830295,21.444444444444443,16,10.2,11,Cordilleras de Tilarán y Volcánica Central. Cimas de la cordillera de Tilarán y de la cordillera Volcánica Central y laderas del pacífico por encima de los 1200 metros de altitud. Topografía quebrada,Bosque siempreverde de la Vertiente Caribe de la Cordillera Central,11b,1,UF10,SubUF10.2,FORMACIONES VEGETALES SIEMPREVERDE MONTANA DE LA CORDILLERA CENTRAL,Vegetación o bosque siempreverde estacional de la vertiente Pacífica de la cordillera Central,10.2,0.31620385494936293,5.039426749876849
38,0.6931471805599453,Pérez Zeledón,San José,Pérez Zeledón,San Isidro Del General,1172,69,55.199999999999996,2,1,0,2,2,"EULCIN, MELFAL",12:11:00 UTC,27.9,0.7,0,0,2,80,20.59166717529297,2518,203.35555606418185,22.77777777777778,26,14.1,16,Fila Chonta. Laderas medias de las estribaciones de Talamanca. Topografía quebrada,Bosque siempreverde estacional subnuboso a nuboso de la Cordillera o Fila Costeña Norte,16a,1.4,UF14,SubUF14.1,FORMACIONES VEGETALES SIEMPREVERDE SUBMONATA A MONTANA DE LA CORDILLERA O FILA COSTEÑA,Vegetación o bosque siempreverde estacional subnuboso a nuboso de la cordillera Fila Costeña Norte,14.1,0.47367217612856866,2.000000000000048
135,1.3862943611198906,Turrialba,Cartago,Turrialba,Santa Teresita,1063,4,2.5,1,0,0,5,5,"EUGSPP, EULCIN, PARORI, SCAARG, TETANG",NA,26.4,1.4333333333333333,NA,NA,2,38.75,20.633333206176758,3230,223.45555453830295,21.444444444444443,16,10.2,11,Cordilleras de Tilarán y Volcánica Central. Cimas de la cordillera de Tilarán y de la cordillera Volcánica Central y laderas del pacífico por encima de los 1200 metros de altitud. Topografía quebrada,Bosque siempreverde de la Vertiente Caribe de la Cordillera Central,11b,1,UF10,SubUF10.2,FORMACIONES VEGETALES SIEMPREVERDE MONTANA DE LA CORDILLERA CENTRAL,Vegetación o bosque siempreverde estacional de la vertiente Pacífica de la cordillera Central,10.2,0.3508983992159425,4.000000000000196
61,0.6001660731596457,Valle Central,Heredia,Barva,San Pablo,1447,8,8,1,0,0,12,4,"GEOLUT, TETANG, TRICOR, XYLSPP",12:30:00 UTC,27.6,1.1,0,0,2,40,19.15416717529297,2412,165.62221993340387,19.055555555555557,16,10.1,11,Cordilleras de Tilarán y Volcánica Central. Cimas de la cordillera de Tilarán y de la cordillera Volcánica Central y laderas del pacífico por encima de los 1200 metros de altitud. Topografía quebrada,Bosque siempreverde estacional de la Vertiente Pacífica de la Cordillera Central,11a,1,UF10,SubUF10.1,FORMACIONES VEGETALES SIEMPREVERDE MONTANA DE LA CORDILLERA CENTRAL,Vegetación o bosque siempreverde de la vertiente Caribe de la cordillera Central,10.1,0.0607159187406101,3.8895462570509656
63,0,Valle Central,Heredia,Santo Domingo,Para,1274,23,23,1,2,0,2,1,GEOLUT,09:58:00 UTC,20.7,1.2,1,1,2,0,19.83333396911621,2827,181.51110797458225,20.38888888888889,16,10.1,11,Cordilleras de Tilarán y Volcánica Central. Cimas de la cordillera de Tilarán y de la cordillera Volcánica Central y laderas del pacífico por encima de los 1200 metros de altitud. Topografía quebrada,Bosque siempreverde estacional de la Vertiente Pacífica de la Cordillera Central,11a,1,UF10,SubUF10.1,FORMACIONES VEGETALES SIEMPREVERDE MONTANA DE LA CORDILLERA CENTRAL,Vegetación o bosque siempreverde de la vertiente Caribe de la cordillera Central,10.1,0.14586259841233543,0
66,1.3296613488547582,Valle Central,Heredia,Santa Barbara,Jesús,1532,124.19999999999999,124.19999999999999,2,1,0,7,5,"GEOLUT, NANPER, TETANG, TRICOR, HYMSPP",09:06:00 UTC,23.4,0.8,0,0,0,20,18.379165649414063,2451,182.25555504692926,20.555555555555557,16,10.1,11,Cordilleras de Tilarán y Volcánica Central. Cimas de la cordillera de Tilarán y de la cordillera Volcánica Central y laderas del pacífico por encima de los 1200 metros de altitud. Topografía quebrada,Bosque siempreverde estacional de la Vertiente Pacífica de la Cordillera Central,11a,1,UF10,SubUF10.1,FORMACIONES VEGETALES SIEMPREVERDE MONTANA DE LA CORDILLERA CENTRAL,Vegetación o bosque siempreverde de la vertiente Caribe de la cordillera Central,10.1,0.1658501535044745,3.8395209790497393
69,0.6931471805599453,Valle Central,Heredia,Santa Barbara,Santo Domingo,1485,96.6,96.6,2,1,1,2,2,"GEOLUT, LESDAN",01:42:00 UTC,23.8,2.1,0,0,0,20,18.70833396911621,2475,182.25555504692926,20.555555555555557,16,10.1,11,Cordilleras de Tilarán y Volcánica Central. Cimas de la cordillera de Tilarán y de la cordillera Volcánica Central y laderas del pacífico por encima de los 1200 metros de altitud. Topografía quebrada,Bosque siempreverde estacional de la Vertiente Pacífica de la Cordillera Central,11a,1,UF10,SubUF10.1,FORMACIONES VEGETALES SIEMPREVERDE MONTANA DE LA CORDILLERA CENTRAL,Vegetación o bosque siempreverde de la vertiente Caribe de la cordillera Central,10.1,0.056833779985619975,2.000000000000048
70,0.9502705392332347,Valle Central,Heredia,Santa Barbara,Santo Domingo,1534,96.6,96.6,1,1,0,5,3,"GEOLUT, PARORI, TRICOR",12:54:00 UTC,23.5,1.7,1,1,0,20,18.116666793823242,2407,170.2111087375217,17.72222222222222,16,10.1,11,Cordilleras de Tilarán y Volcánica Central. Cimas de la cordillera de Tilarán y de la cordillera Volcánica Central y laderas del pacífico por encima de los 1200 metros de altitud. Topografía quebrada,Bosque siempreverde estacional de la Vertiente Pacífica de la Cordillera Central,11a,1,UF10,SubUF10.1,FORMACIONES VEGETALES SIEMPREVERDE MONTANA DE LA CORDILLERA CENTRAL,Vegetación o bosque siempreverde de la vertiente Caribe de la cordillera Central,10.1,0.11811563448793706,2.8867513459477636
75,0.6914160776171183,Valle Central,Alajuela,Poas,San Pedro,1439,440,440,3,2,0,17,2,"GEOLUT, TRICOR",09:28:00 UTC,24.2,3,0,0,0,20,18.837499618530273,2484,168.9222238328722,20.444444444444443,16,10.1,11,Cordilleras de Tilarán y Volcánica Central. Cimas de la cordillera de Tilarán y de la cordillera Volcánica Central y laderas del pacífico por encima de los 1200 metros de altitud. Topografía quebrada,Bosque siempreverde estacional de la Vertiente Pacífica de la Cordillera Central,11a,1,UF10,SubUF10.1,FORMACIONES VEGETALES SIEMPREVERDE MONTANA DE LA CORDILLERA CENTRAL,Vegetación o bosque siempreverde de la vertiente Caribe de la cordillera Central,10.1,0.11787556309982372,2.0034692133619667
79,0.6870920273799715,Valle Central,Heredia,Barva,San José De La Montana,1390,2,2,2,2,3,15,4,"GEOLUT, TRICOR, TRIFUL, HLCSPP",11:20:00 UTC,25.2,2.5,0,0,2,80,19.35416603088379,2469,165.62221993340387,19.055555555555557,16,10.1,11,Cordilleras de Tilarán y Volcánica Central. Cimas de la cordillera de Tilarán y de la cordillera Volcánica Central y laderas del pacífico por encima de los 1200 metros de altitud. Topografía quebrada,Bosque siempreverde estacional de la Vertiente Pacífica de la Cordillera Central,11a,1,UF10,SubUF10.1,FORMACIONES VEGETALES SIEMPREVERDE MONTANA DE LA CORDILLERA CENTRAL,Vegetación o bosque siempreverde de la vertiente Caribe de la cordillera Central,10.1,0.03362195719653651,3.227977537116338
80,0.741256205285056,Valle Central,Heredia,Barva,San José De La Montana,1513,1.3,1.3,2,0,0,35,3,"GEOLUT, TETANG, TRICOR",12:16:00 UTC,25.5,2.4,0,0,1,60,18.66666603088379,2569,165.62221993340387,19.055555555555557,16,10.1,11,Cordilleras de Tilarán y Volcánica Central. Cimas de la cordillera de Tilarán y de la cordillera Volcánica Central y laderas del pacífico por encima de los 1200 metros de altitud. Topografía quebrada,Bosque siempreverde estacional de la Vertiente Pacífica de la Cordillera Central,11a,1,UF10,SubUF10.1,FORMACIONES VEGETALES SIEMPREVERDE MONTANA DE LA CORDILLERA CENTRAL,Vegetación o bosque siempreverde de la vertiente Caribe de la cordillera Central,10.1,0.04512334585851985,2.5252730935356196
83,1.3689223607402192,Valle Central,Alajuela,Alajuela,San Isidro,1462,69,69,2,1,0,9,4,"GEOLUT, TETANG, TRICOR, TRIFUL",11:44:00 UTC,24.2,2.9,0,0,0,30,18.570833206176758,2420,170.81111441718207,19.5,16,10.1,11,Cordilleras de Tilarán y Volcánica Central. Cimas de la cordillera de Tilarán y de la cordillera Volcánica Central y laderas del pacífico por encima de los 1200 metros de altitud. Topografía quebrada,Bosque siempreverde estacional de la Vertiente Pacífica de la Cordillera Central,11a,1,UF10,SubUF10.1,FORMACIONES VEGETALES SIEMPREVERDE MONTANA DE LA CORDILLERA CENTRAL,Vegetación o bosque siempreverde de la vertiente Caribe de la cordillera Central,10.1,0.14898618865706728,3.9297547001937927
87,1.135934256348281,Valle Central,San José,Puriscal,Mercedes Sur,986,1,1,3,1,2,23,6,"GEOLUT, PLEFRO, TETANG, TRICOR, TRIPIP, HLCSPP",12:55:00 UTC,29.4,0.7,0,0,1,30,21.433332443237305,2497,179.07777743869357,22.666666666666668,17,12.1,13,Valle Central y cerros de Escazú y Turrubares. Tierras plano onduladas del valle Central y áreas de topografía quebrada de los sistemas montañosos al sur,Bosque siempreverde estacional de las serranías y valles del Pacífico Central,13a,1.2,UF12,SubUF12.1,FORMACIONES VEGETALES SIEMPREVERDE SUBMONATANA A MONATANA DEL PACÍFICO CENTRAL(Valle Central-Cerro Turrubares),"Vegetación o bosque siempreverde submontano estacional de serranias, valles y mesetas del Pacífico Central",12.1,0.09787970858244308,3.467844541248191
88,1.0114042647073518,Valle Central,Heredia,Barva,San José De La Montana,1475,2,2,2,0,0,6,3,"GEOLUT, TETANG, TRICOR",13:36:00 UTC,25.1,5.6,0,0,0,60,19,2472,165.62221993340387,19.055555555555557,16,10.1,11,Cordilleras de Tilarán y Volcánica Central. Cimas de la cordillera de Tilarán y de la cordillera Volcánica Central y laderas del pacífico por encima de los 1200 metros de altitud. Topografía quebrada,Bosque siempreverde estacional de la Vertiente Pacífica de la Cordillera Central,11a,1,UF10,SubUF10.1,FORMACIONES VEGETALES SIEMPREVERDE MONTANA DE LA CORDILLERA CENTRAL,Vegetación o bosque siempreverde de la vertiente Caribe de la cordillera Central,10.1,0.019420327697630392,2.962452861455901
89,0.6428579130907905,Valle Central,Heredia,Barva,San José De La Montana,1474,1.38,1.38,2,0,0,23,4,"GEOLUT, PARORI, TETANG, TRICOR",09:26:00 UTC,27.5,1.4,0,0,0,50,19.15416717529297,2412,165.62221993340387,19.055555555555557,16,10.1,11,Cordilleras de Tilarán y Volcánica Central. Cimas de la cordillera de Tilarán y de la cordillera Volcánica Central y laderas del pacífico por encima de los 1200 metros de altitud. Topografía quebrada,Bosque siempreverde estacional de la Vertiente Pacífica de la Cordillera Central,11a,1,UF10,SubUF10.1,FORMACIONES VEGETALES SIEMPREVERDE MONTANA DE LA CORDILLERA CENTRAL,Vegetación o bosque siempreverde de la vertiente Caribe de la cordillera Central,10.1,0.024506600444386354,4.779361231785401
90,1.0775563270668007,Valle Central,Heredia,San Pablo,Rincón De Sabanilla,1087,4,4,2,0,0,16,6,"CENSPP, GEOLUT, TETANG, TRICOR, XYLSPP, HLCSPP",08:16:00 UTC,25.4,2.1,0,0,0,95,21.116666793823242,3061,183.08889304267035,22.22222222222222,17,12.2,13,Valle Central y cerros de Escazú y Turrubares. Tierras plano onduladas del valle Central y áreas de topografía quebrada de los sistemas montañosos al sur,Bosque siempreverde subnuboso a nuboso de las serranías del Pacífico Central,13a,1.2,UF12,SubUF12.2,FORMACIONES VEGETALES SIEMPREVERDE SUBMONATANA A MONATANA DEL PACÍFICO CENTRAL(Valle Central-Cerro Turrubares),Vegetación o bosque siempreverde montano subnuboso a nuboso de las serranías del Pacífico Central,12.2,0.05738749632340926,2.9757556616262315
93,0.8675632284814612,Valle Occidental,Alajuela,San Ramon,Santiago,1106,5,5,3,4,3,6,3,"GEOLUT, TETANG, TRICOR",10:51:00 UTC,26.2,1,0,0,2,15,20.59583282470703,2782,157.77777735392252,22.166666666666668,11,6.1,6,Valle del río Tempisque. Pie de monte de las cordilleras Volcánica de Guanacaste y Tilarán y lomas bajas del norte de la península  de Nicoya,Bosque deciduo a semideciduo de las llanuras de Guanacaste-Valle Central e Islas del Pacífica Norte,6a,6.1,UF6,SubUF6.2,FORMACIONES VEGETALES DECIDUA A SEMIDECIDUA DE LAS LLANURAS DE GUANACASTE-PENÍNSULA DE NICOYA-ISLAS DEL PACÍFICO NORTE-VALLE CENTRAL,Vegetación o bosque decíduo o semideciduo sobre tierras elevadas de las llanuras de Guanacaste-Península de Nicoya-Islas del Pacífico Norte-Valle Central,6.1,0.11701293610348883,3.244895053623066
94,1.2130075659799042,Valle Occidental,Alajuela,Naranjo,Cirrí Sur,1510,1.38,1.38,3,4,4,8,4,"GEOLUT, MELCOS, PARORI, TRICOR",14:10:00 UTC,27.1,0.7,0,0,2,60,18.59583282470703,2494,163.966668870714,19.944444444444443,16,10.1,11,Cordilleras de Tilarán y Volcánica Central. Cimas de la cordillera de Tilarán y de la cordillera Volcánica Central y laderas del pacífico por encima de los 1200 metros de altitud. Topografía quebrada,Bosque siempreverde estacional de la Vertiente Pacífica de la Cordillera Central,11a,1,UF10,SubUF10.1,FORMACIONES VEGETALES SIEMPREVERDE MONTANA DE LA CORDILLERA CENTRAL,Vegetación o bosque siempreverde de la vertiente Caribe de la cordillera Central,10.1,0.18508837847551213,3.7904760985216606
97,1.2130075659799042,Valle Occidental,Alajuela,Naranjo,San Miguel,998,84,84,3,1,4,12,7,"EXOSPP, GEOLUT, PARORI, TETANG, TRICOR, XYLSPP, HLCSPP",12:23:00 UTC,28.6,4.6,0,0,0,20,21.52083396911621,2594,169.1000010172526,22.666666666666668,17,12.2,13,Valle Central y cerros de Escazú y Turrubares. Tierras plano onduladas del valle Central y áreas de topografía quebrada de los sistemas montañosos al sur,Bosque siempreverde subnuboso a nuboso de las serranías del Pacífico Central,13a,1.2,UF12,SubUF12.2,FORMACIONES VEGETALES SIEMPREVERDE SUBMONATANA A MONATANA DEL PACÍFICO CENTRAL(Valle Central-Cerro Turrubares),Vegetación o bosque siempreverde montano subnuboso a nuboso de las serranías del Pacífico Central,12.2,0.15354472128792085,3.7892599219517593
104,0.8675632284814612,Valle Occidental,Alajuela,Naranjo,Cirrí Sur,1500,11.04,9.66,1,0,0,6,3,"GEOLUT, PARORI, TRIFUL",12:04:00 UTC,25,0.7,0,0,1,0,18.633333206176758,2513,163.966668870714,19.944444444444443,16,10.1,11,Cordilleras de Tilarán y Volcánica Central. Cimas de la cordillera de Tilarán y de la cordillera Volcánica Central y laderas del pacífico por encima de los 1200 metros de altitud. Topografía quebrada,Bosque siempreverde estacional de la Vertiente Pacífica de la Cordillera Central,11a,1,UF10,SubUF10.1,FORMACIONES VEGETALES SIEMPREVERDE MONTANA DE LA CORDILLERA CENTRAL,Vegetación o bosque siempreverde de la vertiente Caribe de la cordillera Central,10.1,0.08412008755022704,3.000000000000202
108,1.6417347121875212,Valle Occidental,Alajuela,Valverde Vega,Sarchi Norte,1504,10,10,3,4,4,12,7,"GEOLUT, MELCOS, PARORI, TETANG, TRICOR, TRIFUL, HLCSPP",09:06:00 UTC,22.2,2,0,0,2,85,18.641666412353516,2438,163.966668870714,19.944444444444443,16,10.1,11,Cordilleras de Tilarán y Volcánica Central. Cimas de la cordillera de Tilarán y de la cordillera Volcánica Central y laderas del pacífico por encima de los 1200 metros de altitud. Topografía quebrada,Bosque siempreverde estacional de la Vertiente Pacífica de la Cordillera Central,11a,1,UF10,SubUF10.1,FORMACIONES VEGETALES SIEMPREVERDE MONTANA DE LA CORDILLERA CENTRAL,Vegetación o bosque siempreverde de la vertiente Caribe de la cordillera Central,10.1,0.22267219700186158,5.4124843571459635
118,2.0377341947851506,Turrialba,Cartago,Turrialba,Santa Rosa,1026,1.38,1.38,3,0,0,17,9,"GEOLUT, PARORI, SCAPEC, SCAARG, TETANG, TRICOR, TRIFUL, TRINIG, TRISIL",NA,25.675,0.3,NA,NA,2,63,20.78333282470703,3472,220.99999830457898,21.38888888888889,16,10.2,11,Cordilleras de Tilarán y Volcánica Central. Cimas de la cordillera de Tilarán y de la cordillera Volcánica Central y laderas del pacífico por encima de los 1200 metros de altitud. Topografía quebrada,Bosque siempreverde de la Vertiente Caribe de la Cordillera Central,11b,1,UF10,SubUF10.2,FORMACIONES VEGETALES SIEMPREVERDE MONTANA DE LA CORDILLERA CENTRAL,Vegetación o bosque siempreverde estacional de la vertiente Pacífica de la cordillera Central,10.2,0.4316593743877751,8.427607131056243
120,1.6094379124341005,Turrialba,Cartago,Turrialba,La Isabel,672,3.1,3.1,3,0,0,8,8,"GEOLUT, PARORI, SCAARG, TETANG, TRISPP, TRINIG, XYLSPP, LASSPP",NA,27.900000000000002,0.45,NA,NA,0,52.666666666666664,22.770832061767578,3390,222.11111619737414,24.27777777777778,5,3.2,3,Llanuras del Caribe Norte. Tierras elevadas entre los 100 y 700 msnm de topografía plano ondulada,Bosque siempreverde de tierras elevadas de las llanuras de Tortuguero,3b,3.2,UF3,SubUF3.2,FORMACIONES VEGETALES SIEMPREVERDE DE LAS LLANURAS DE TORTUGUERO,Vegetación o bosque siempreverde de tierras elevadas de las llanuras de Tortuguero,3.2,0.3741343264079446,5.000000000000254
9,0.7012565123592978,Los Santos,San José,Dota,Santa María,1588,3,3,2,0,1,35,4,"MELCOS, TETANG, TRICOR, XYLSPP",08:31:00 UTC,25.2,3.3,0,0,2,65,18.016666412353516,2251,161.74444495307074,18.555555555555557,18,11.1,12,Cordillera de Talamanca. Laderas del Pacífico de la cordillera de Talmanca de 1000 a 3000 metros de altitud. Topografía quebrada.,"Bosque mixto intermedio estacional, subnuboso a nuboso de la Vertiente Pacífica de la Cordillera de Talamanca",12a,1.1,UF11,SubUF11.1,FORMACIONES VEGETALES SIEMPREVERDE MONATANA DE LA CORDILLERA DE TALAMANCA,"Vegetación o bosque mixto intermedio estacional, subnuboso a nuboso de la vertiente Pacífica de la Cordillera de Talamanca",11.1,0.1257923283016402,3.281787994392383
35,1.1973401339967784,Pérez Zeledón,San José,Pérez Zeledón,Páramo,1317,9,7,1,3,0,21,5,"MELCOS, PARORI, PLEPUL, TETANG, HLCSPP",11:35:00 UTC,26.4,0.7,0,0,1,5,19.04166603088379,3515,227.8000013563368,21,26,14.1,16,Fila Chonta. Laderas medias de las estribaciones de Talamanca. Topografía quebrada,Bosque siempreverde estacional subnuboso a nuboso de la Cordillera o Fila Costeña Norte,16a,1.4,UF14,SubUF14.1,FORMACIONES VEGETALES SIEMPREVERDE SUBMONATA A MONTANA DE LA CORDILLERA O FILA COSTEÑA,Vegetación o bosque siempreverde estacional subnuboso a nuboso de la cordillera Fila Costeña Norte,14.1,0.284748309541698,3.190494773358144
48,1.3321790402101223,Pérez Zeledón,San José,Pérez Zeledón,Pejibaye,700,7,7,1,0,0,6,5,"MELCOS, PARORI, TETPER, TRIFUL, HLCSPP",13:17:00 UTC,32.4,2.3,0,0,1,50,22.879167556762695,2917,227.0888900756836,25,27,15.1,17,Valle del General. Cuenca media del rió Térraba. Topografía plano ondulada,Bosque semideciuo estacional del Valle de El Genera,17a,1.5,UF15,SubUF15.1,FORMACIONES VEGETALES SEMIDECIDUA A SIEMPREVERDE DEL VALLE DE GENERAL,Vegetación o bosque semideciduo a siempreverde estacional del Valle de General,15.1,0.4080219493075516,3.820674453113804
123,1.8095142558492818,Turrialba,Cartago,Turrialba,Santa Teresita,920,2,2,1,1,0,14,7,"MELCOS, PARMUS, SCAPEC, TETANG, TRICOR, TRIFUL, TRISIL",NA,27.1,0.39999999999999997,NA,NA,1,43,21.579166412353516,3342,233.4111090766059,23.61111111111111,16,10.2,11,Cordilleras de Tilarán y Volcánica Central. Cimas de la cordillera de Tilarán y de la cordillera Volcánica Central y laderas del pacífico por encima de los 1200 metros de altitud. Topografía quebrada,Bosque siempreverde de la Vertiente Caribe de la Cordillera Central,11b,1,UF10,SubUF10.2,FORMACIONES VEGETALES SIEMPREVERDE MONTANA DE LA CORDILLERA CENTRAL,Vegetación o bosque siempreverde estacional de la vertiente Pacífica de la cordillera Central,10.2,0.1754236733625597,6.274066529276152
49,1.0397207708399179,Pérez Zeledón,San José,Pérez Zeledón,Cajón,675,5.864999999999999,1.7249999999999999,1,0,0,6,4,"NANMEL, TETZIE, TETANG, HLCSPP",09:55:00 UTC,26.2,1,0,0,1,90,23.10416603088379,2964,240.1999986436632,24.77777777777778,27,15.1,17,Valle del General. Cuenca media del rió Térraba. Topografía plano ondulada,Bosque semideciuo estacional del Valle de El Genera,17a,1.5,UF15,SubUF15.1,FORMACIONES VEGETALES SEMIDECIDUA A SIEMPREVERDE DEL VALLE DE GENERAL,Vegetación o bosque semideciduo a siempreverde estacional del Valle de General,15.1,0.1138843515191114,0
85,1.045093803269446,Valle Central,Heredia,Santo Domingo,San Vicente,1153,2,2,2,1,0,31,5,"NANPER, PARORI, TETANG, TRICOR, HLCSPP",09:23:00 UTC,26.7,2.2,0,0,0,95,20.691665649414063,2359,183.08889304267035,22.22222222222222,17,12.2,13,Valle Central y cerros de Escazú y Turrubares. Tierras plano onduladas del valle Central y áreas de topografía quebrada de los sistemas montañosos al sur,Bosque siempreverde subnuboso a nuboso de las serranías del Pacífico Central,13a,1.2,UF12,SubUF12.2,FORMACIONES VEGETALES SIEMPREVERDE SUBMONATANA A MONATANA DEL PACÍFICO CENTRAL(Valle Central-Cerro Turrubares),Vegetación o bosque siempreverde montano subnuboso a nuboso de las serranías del Pacífico Central,12.2,0.007774982849302539,2.9572150616622173
114,1.3642037700171454,Turrialba,Cartago,Turrialba,Santa Teresita,872,1,1,1,0,0,22,5,"NANPER, PARORI, TETANG, TRICOR, TRIFUL",NA,27.633333333333333,0.16666666666666666,NA,NA,0,50.5,21.679166793823242,3242,233.4111090766059,23.61111111111111,16,10.2,11,Cordilleras de Tilarán y Volcánica Central. Cimas de la cordillera de Tilarán y de la cordillera Volcánica Central y laderas del pacífico por encima de los 1200 metros de altitud. Topografía quebrada,Bosque siempreverde de la Vertiente Caribe de la Cordillera Central,11b,1,UF10,SubUF10.2,FORMACIONES VEGETALES SIEMPREVERDE MONTANA DE LA CORDILLERA CENTRAL,Vegetación o bosque siempreverde estacional de la vertiente Pacífica de la cordillera Central,10.2,0.1684981684981685,4.888657821228773
115,2.0831255197511855,Turrialba,Cartago,Turrialba,Santa Teresita,791,3.5,1,3,0,0,20,11,"NANPER, PARMUS, PARORI, PLEFRO, SCAPEC, TETANG, TRICOR, TRIFUL, TRINIG, TRIPIP, HLCSPP",NA,26.6,1.0333333333333332,NA,NA,1,65.41666666666667,22.241666793823242,3260,233.4111090766059,23.61111111111111,16,10.2,11,Cordilleras de Tilarán y Volcánica Central. Cimas de la cordillera de Tilarán y de la cordillera Volcánica Central y laderas del pacífico por encima de los 1200 metros de altitud. Topografía quebrada,Bosque siempreverde de la Vertiente Caribe de la Cordillera Central,11b,1,UF10,SubUF10.2,FORMACIONES VEGETALES SIEMPREVERDE MONTANA DE LA CORDILLERA CENTRAL,Vegetación o bosque siempreverde estacional de la vertiente Pacífica de la cordillera Central,10.2,0.29305106341272175,8.098977164210652
116,1.4244427785036178,Turrialba,Cartago,Turrialba,Tuis,795,0.34,0.34,1,0,3,16,5,"NANPER, PARORI, SCAPEC, TETANG, TRICIL",NA,26.966666666666665,0.36666666666666664,NA,NA,2,39.166666666666664,22.16666603088379,2920,221.94444274902344,22.944444444444443,19,11.3,12,Cordillera de Talamanca. Laderas del Caribe de la cordillera de Talmanca de 700 a 3000 metros de altitud. Topografía quebrada.,"Bosque mixto intermedio siempreverde, subnuboso a nuboso de la Vertiente Caribe de la Cordillera de Talamanca",12b,1.1,UF11,SubUF11.3,FORMACIONES VEGETALES SIEMPREVERDE MONATANA DE LA CORDILLERA DE TALAMANCA,12 b,11.3,0.2760952660982064,5.8432808276330315
117,2.207094478110811,Turrialba,Cartago,Turrialba,La Suiza,887,2,0.5,3,0,0,37,11,"NANPER, NOGMIR, OXYMEL, PARORI, PLEFRO, SCAPEC, SCAARG, TETANG, TRIFUL, TRINIG, TRISIL",NA,23.966666666666665,0.23333333333333334,NA,NA,2,40.833333333333336,21.570833206176758,3142,212.45555623372397,21.944444444444443,19,11.3,12,Cordillera de Talamanca. Laderas del Caribe de la cordillera de Talmanca de 700 a 3000 metros de altitud. Topografía quebrada.,"Bosque mixto intermedio siempreverde, subnuboso a nuboso de la Vertiente Caribe de la Cordillera de Talamanca",12b,1.1,UF11,SubUF11.3,FORMACIONES VEGETALES SIEMPREVERDE MONATANA DE LA CORDILLERA DE TALAMANCA,12 b,11.3,0.3246922850892945,9.90307819451913
121,2.2459520807289133,Turrialba,Cartago,Turrialba,Santa Teresita,959,3,2,1,0,0,16,11,"NANPER, PARLOP, PAROPA, PARMUS, PARORI, PLEJAT, TETANG, TRICOR, TRINIG, TRIPIP, HLCSPP",NA,26.8,0.325,NA,NA,1,51.42857142857143,21.04166603088379,3234,223.45555453830295,21.444444444444443,16,10.2,11,Cordilleras de Tilarán y Volcánica Central. Cimas de la cordillera de Tilarán y de la cordillera Volcánica Central y laderas del pacífico por encima de los 1200 metros de altitud. Topografía quebrada,Bosque siempreverde de la Vertiente Caribe de la Cordillera Central,11b,1,UF10,SubUF10.2,FORMACIONES VEGETALES SIEMPREVERDE MONTANA DE LA CORDILLERA CENTRAL,Vegetación o bosque siempreverde estacional de la vertiente Pacífica de la cordillera Central,10.2,0.36729161222889994,9.449912370577513
126,1.7778064222841692,Turrialba,Cartago,Turrialba,La Suiza,673,31,25,2,2,0,27,8,"NANPER, PARMUS, PLESPP, PLEFRO, SCAARG, TETANG, TRICOR, TRIFUL",NA,29.1,0.3666666666666667,NA,NA,2,79.33333333333333,22.39583396911621,3291,221.94444274902344,22.944444444444443,19,11.3,12,Cordillera de Talamanca. Laderas del Caribe de la cordillera de Talmanca de 700 a 3000 metros de altitud. Topografía quebrada.,"Bosque mixto intermedio siempreverde, subnuboso a nuboso de la Vertiente Caribe de la Cordillera de Talamanca",12b,1.1,UF11,SubUF11.3,FORMACIONES VEGETALES SIEMPREVERDE MONATANA DE LA CORDILLERA DE TALAMANCA,12 b,11.3,0.3396596217293307,6.972253993669952
128,2.2403222533113087,Turrialba,Cartago,Turrialba,Tuis,875,1,1,1,0,0,21,11,"NANPER, PARORI, PLEFRO, SCAPEC, TETZIE, TETANG, TRICOR, TRIFER, TRIFUL, TRIFUS, TRISIL",NA,26.933333333333334,0.23333333333333334,NA,NA,2,58.45454545454545,21.537500381469727,3237,245.14444308810764,21.333333333333332,19,11.3,12,Cordillera de Talamanca. Laderas del Caribe de la cordillera de Talmanca de 700 a 3000 metros de altitud. Topografía quebrada.,"Bosque mixto intermedio siempreverde, subnuboso a nuboso de la Vertiente Caribe de la Cordillera de Talamanca",12b,1.1,UF11,SubUF11.3,FORMACIONES VEGETALES SIEMPREVERDE MONATANA DE LA CORDILLERA DE TALAMANCA,12 b,11.3,0.22971869180252882,10.679257096820713
140,1.919223230926115,Turrialba,Cartago,Turrialba,La Suiza,948,NA,NA,2,0,0,19,10,"NANPER, PARORI, SCAPEC, TETANG, TRICOR, TRIFUL, TRIFUS, TRINIG, TRISIL, HLCSPP",NA,28.8,0.4666666666666667,NA,NA,1,36.583333333333336,21.262500762939453,3078,239.54444715711804,23.444444444444443,19,11.3,12,Cordillera de Talamanca. Laderas del Caribe de la cordillera de Talmanca de 700 a 3000 metros de altitud. Topografía quebrada.,"Bosque mixto intermedio siempreverde, subnuboso a nuboso de la Vertiente Caribe de la Cordillera de Talamanca",12b,1.1,UF11,SubUF11.3,FORMACIONES VEGETALES SIEMPREVERDE MONATANA DE LA CORDILLERA DE TALAMANCA,12 b,11.3,0.17929705363559156,7.120399205717129
142,1.840748728569281,Turrialba,Cartago,Turrialba,Tuis,727,3,2.5,2,0,0,16,8,"NANPER, PLEFRO, SCAARG, TETANG, TRICOR, TRIFER, TRIFUS, TRIPIP",NA,29.533333333333335,0.8333333333333333,NA,NA,2,76.41666666666667,22.16666603088379,2920,221.94444274902344,22.944444444444443,19,11.3,12,Cordillera de Talamanca. Laderas del Caribe de la cordillera de Talmanca de 700 a 3000 metros de altitud. Topografía quebrada.,"Bosque mixto intermedio siempreverde, subnuboso a nuboso de la Vertiente Caribe de la Cordillera de Talamanca",12b,1.1,UF11,SubUF11.3,FORMACIONES VEGETALES SIEMPREVERDE MONATANA DE LA CORDILLERA DE TALAMANCA,12 b,11.3,0.20233742491512144,6.852349374525389
36,1.2447789299841223,Pérez Zeledón,San José,Pérez Zeledón,Daniel Flores,1060,5,5,2,0,0,30,7,"OXYMEL, PARORI, SCAARG, TETANG, TRIPIP, APISPP, HLCSPP",09:10:00 UTC,24,0.7,0,0,1,25,21.320833206176758,2649,216.15555487738715,22.944444444444443,26,14.1,16,Fila Chonta. Laderas medias de las estribaciones de Talamanca. Topografía quebrada,Bosque siempreverde estacional subnuboso a nuboso de la Cordillera o Fila Costeña Norte,16a,1.4,UF14,SubUF14.1,FORMACIONES VEGETALES SIEMPREVERDE SUBMONATA A MONTANA DE LA CORDILLERA O FILA COSTEÑA,Vegetación o bosque siempreverde estacional subnuboso a nuboso de la cordillera Fila Costeña Norte,14.1,0.37422010257080324,4.924851134632894
54,1.5418327382863624,Pérez Zeledón,Puntarenas,Buenos Aires,Volcán,1003,100,60,2,0,1,19,6,"DIPSPP, OXYMEL, PARORI, TETANG, TRICOR, TRIFUL",09:50:00 UTC,26.6,0.6,0,0,2,NA,20.9375,3175,239.65555826822916,20.5,18,11.1,12,Cordillera de Talamanca. Laderas del Pacífico de la cordillera de Talmanca de 1000 a 3000 metros de altitud. Topografía quebrada.,"Bosque mixto intermedio estacional, subnuboso a nuboso de la Vertiente Pacífica de la Cordillera de Talamanca",12a,1.1,UF11,SubUF11.1,FORMACIONES VEGETALES SIEMPREVERDE MONATANA DE LA CORDILLERA DE TALAMANCA,"Vegetación o bosque mixto intermedio estacional, subnuboso a nuboso de la vertiente Pacífica de la Cordillera de Talamanca",11.1,0.31527029234035603,4.995197717491024
60,2.017219757600296,Pérez Zeledón,San José,Pérez Zeledón,Daniel Flores,799,50,20,2,0,0,30,12,"DIPSPP, OXYMEL, PARORI, PLEFRO, PLELLO, SCAPEC, SCAARG, TETPER, TETANG, TRICOR, TRIFUL, TRIPIP",12:15:00 UTC,29.6,2,0,0,2,35,22.445833206176758,2832,219.73333231608072,23.5,27,15.1,17,Valle del General. Cuenca media del rió Térraba. Topografía plano ondulada,Bosque semideciuo estacional del Valle de El Genera,17a,1.5,UF15,SubUF15.1,FORMACIONES VEGETALES SEMIDECIDUA A SIEMPREVERDE DEL VALLE DE GENERAL,Vegetación o bosque semideciduo a siempreverde estacional del Valle de General,15.1,0.2480151599307348,8.492578916723916
131,1.5003650027182387,Turrialba,Cartago,Turrialba,Santa Teresita,845,1.38,1.38,3,0,0,20,6,"PARMUS, PARORI, TETANG, TRIFER, TRIFUL, HLCSPP",NA,26,0.3666666666666667,NA,NA,0,41.0625,21.89583396911621,3332,233.4111090766059,23.61111111111111,16,10.2,11,Cordilleras de Tilarán y Volcánica Central. Cimas de la cordillera de Tilarán y de la cordillera Volcánica Central y laderas del pacífico por encima de los 1200 metros de altitud. Topografía quebrada,Bosque siempreverde de la Vertiente Caribe de la Cordillera Central,11b,1,UF10,SubUF10.2,FORMACIONES VEGETALES SIEMPREVERDE MONTANA DE LA CORDILLERA CENTRAL,Vegetación o bosque siempreverde estacional de la vertiente Pacífica de la cordillera Central,10.2,0.13490791324544474,4.604598496915791
133,1.7060571156426698,Turrialba,Cartago,Turrialba,La Suiza,849,NA,1.04,1,0,0,20,10,"PARMUS, SCAARG, TETZIE, TETANG, TRIFUL, TRIFUS, TRINIG, TRISIL, AGASPP, PTISPP",NA,27.9,0.6499999999999999,NA,NA,2,51.875,22.15833282470703,3466,221.94444274902344,22.944444444444443,19,11.3,12,Cordillera de Talamanca. Laderas del Caribe de la cordillera de Talmanca de 700 a 3000 metros de altitud. Topografía quebrada.,"Bosque mixto intermedio siempreverde, subnuboso a nuboso de la Vertiente Caribe de la Cordillera de Talamanca",12b,1.1,UF11,SubUF11.3,FORMACIONES VEGETALES SIEMPREVERDE MONATANA DE LA CORDILLERA DE TALAMANCA,12 b,11.3,0.3535000652997257,6.5138865425825845
1,1.242453324894,Los Santos,San José,Dota,Copey,1756,8.969999999999999,8.969999999999999,1,4,0,6,4,"PARORI, SCASUB, TRICOR, TRIFUL",10:07:00 UTC,23.4,1.8,0,0,1,40,16.745832443237305,2265,147.53333600362143,16.77777777777778,18,11.1,12,Cordillera de Talamanca. Laderas del Pacífico de la cordillera de Talmanca de 1000 a 3000 metros de altitud. Topografía quebrada.,"Bosque mixto intermedio estacional, subnuboso a nuboso de la Vertiente Pacífica de la Cordillera de Talamanca",12a,1.1,UF11,SubUF11.1,FORMACIONES VEGETALES SIEMPREVERDE MONATANA DE LA CORDILLERA DE TALAMANCA,"Vegetación o bosque mixto intermedio estacional, subnuboso a nuboso de la vertiente Pacífica de la Cordillera de Talamanca",11.1,0.37904674790108134,4.163925843130435
3,0.9649629230074277,Los Santos,San José,Tarrazú,San Lorenzo,1428,2.415,2.415,3,2,0,10,4,"EPISPP, PARORN, PARORI, TRICOR",08:30:00 UTC,26.4,0.6,0,0,1,45,18.77083396911621,2713,171.67777676052518,20.61111111111111,26,14.1,16,Fila Chonta. Laderas medias de las estribaciones de Talamanca. Topografía quebrada,Bosque siempreverde estacional subnuboso a nuboso de la Cordillera o Fila Costeña Norte,16a,1.4,UF14,SubUF14.1,FORMACIONES VEGETALES SIEMPREVERDE SUBMONATA A MONTANA DE LA CORDILLERA O FILA COSTEÑA,Vegetación o bosque siempreverde estacional subnuboso a nuboso de la cordillera Fila Costeña Norte,14.1,0.26610927855253275,4.500000000000268
10,0.6931471805599453,Los Santos,San José,Tarrazú,San Lorenzo,1430,0.8,0.8,3,0,0,2,2,"PARORI, TRICOR",13:12:00 UTC,28.3,1.2,0,0,2,65,18.72083282470703,2281,160.13333723280164,19.666666666666668,18,11.1,12,Cordillera de Talamanca. Laderas del Pacífico de la cordillera de Talmanca de 1000 a 3000 metros de altitud. Topografía quebrada.,"Bosque mixto intermedio estacional, subnuboso a nuboso de la Vertiente Pacífica de la Cordillera de Talamanca",12a,1.1,UF11,SubUF11.1,FORMACIONES VEGETALES SIEMPREVERDE MONATANA DE LA CORDILLERA DE TALAMANCA,"Vegetación o bosque mixto intermedio estacional, subnuboso a nuboso de la vertiente Pacífica de la Cordillera de Talamanca",11.1,0.18205572067805467,0
14,0.5004024235381879,Los Santos,San José,Dota,Santa María,1852,1.7249999999999999,1.7249999999999999,1,3,4,5,2,"PARORI, TRICOR",08:37:00 UTC,19,1.8,0,0,1,95,16.70833396911621,2319,147.53333600362143,16.77777777777778,18,11.1,12,Cordillera de Talamanca. Laderas del Pacífico de la cordillera de Talmanca de 1000 a 3000 metros de altitud. Topografía quebrada.,"Bosque mixto intermedio estacional, subnuboso a nuboso de la Vertiente Pacífica de la Cordillera de Talamanca",12a,1.1,UF11,SubUF11.1,FORMACIONES VEGETALES SIEMPREVERDE MONATANA DE LA CORDILLERA DE TALAMANCA,"Vegetación o bosque mixto intermedio estacional, subnuboso a nuboso de la vertiente Pacífica de la Cordillera de Talamanca",11.1,0.3547049025051442,0
18,0.9180459180656309,Los Santos,San José,Tarrazú,San Marcos,1624,12.419999999999998,2.76,3,1,2,16,4,"PARORI, TETANG, TRICOR, TRINIG",10:30:00 UTC,27.4,1.3,0,0,2,45,17.054166793823242,2490,146.9777743021647,17.333333333333332,18,11.1,12,Cordillera de Talamanca. Laderas del Pacífico de la cordillera de Talmanca de 1000 a 3000 metros de altitud. Topografía quebrada.,"Bosque mixto intermedio estacional, subnuboso a nuboso de la Vertiente Pacífica de la Cordillera de Talamanca",12a,1.1,UF11,SubUF11.1,FORMACIONES VEGETALES SIEMPREVERDE MONATANA DE LA CORDILLERA DE TALAMANCA,"Vegetación o bosque mixto intermedio estacional, subnuboso a nuboso de la vertiente Pacífica de la Cordillera de Talamanca",11.1,0.27555120039196473,3.3500512846731123
19,0.6931471805599453,Los Santos,San José,Dota,Santa María,1880,60,60,2,1,1,3,3,"PARORI, TRICOR, XYLSPP",09:23:00 UTC,25.2,0,0,0,2,70,16.545833587646484,2399,161.74444495307074,18.555555555555557,18,11.1,12,Cordillera de Talamanca. Laderas del Pacífico de la cordillera de Talmanca de 1000 a 3000 metros de altitud. Topografía quebrada.,"Bosque mixto intermedio estacional, subnuboso a nuboso de la Vertiente Pacífica de la Cordillera de Talamanca",12a,1.1,UF11,SubUF11.1,FORMACIONES VEGETALES SIEMPREVERDE MONATANA DE LA CORDILLERA DE TALAMANCA,"Vegetación o bosque mixto intermedio estacional, subnuboso a nuboso de la vertiente Pacífica de la Cordillera de Talamanca",11.1,0.23014861995753716,0
24,0.7595473914748635,Los Santos,San José,Tarrazú,San Lorenzo,1399,2.76,2.76,2,0,1,11,3,"PARORI, TETANG, TRICOR",08:00:00 UTC,23.5,1.4,0,0,2,50,19.0625,2130,160.76666662428113,19.72222222222222,18,11.1,12,Cordillera de Talamanca. Laderas del Pacífico de la cordillera de Talmanca de 1000 a 3000 metros de altitud. Topografía quebrada.,"Bosque mixto intermedio estacional, subnuboso a nuboso de la Vertiente Pacífica de la Cordillera de Talamanca",12a,1.1,UF11,SubUF11.1,FORMACIONES VEGETALES SIEMPREVERDE MONATANA DE LA CORDILLERA DE TALAMANCA,"Vegetación o bosque mixto intermedio estacional, subnuboso a nuboso de la vertiente Pacífica de la Cordillera de Talamanca",11.1,0.048255358076319914,4.467731707602921
37,0.6931471805599453,Pérez Zeledón,San José,Pérez Zeledón,Páramo,1172,26,26,3,0,0,4,2,"PARORI, TRICOR",09:00:00 UTC,27.8,1.7,0,0,1,50,19.6875,2598,224.3111139933268,19.5,26,14.1,16,Fila Chonta. Laderas medias de las estribaciones de Talamanca. Topografía quebrada,Bosque siempreverde estacional subnuboso a nuboso de la Cordillera o Fila Costeña Norte,16a,1.4,UF14,SubUF14.1,FORMACIONES VEGETALES SIEMPREVERDE SUBMONATA A MONTANA DE LA CORDILLERA O FILA COSTEÑA,Vegetación o bosque siempreverde estacional subnuboso a nuboso de la cordillera Fila Costeña Norte,14.1,0.44239059438275635,0
42,0.5004024235381879,Pérez Zeledón,San José,Pérez Zeledón,Páramo,1393,0.1725,0.1725,3,0,0,5,2,"PARORI, TRICOR",10:20:00 UTC,23.8,1.3,0,0,2,5,18.379165649414063,2794,224.3111139933268,19.5,26,14.1,16,Fila Chonta. Laderas medias de las estribaciones de Talamanca. Topografía quebrada,Bosque siempreverde estacional subnuboso a nuboso de la Cordillera o Fila Costeña Norte,16a,1.4,UF14,SubUF14.1,FORMACIONES VEGETALES SIEMPREVERDE SUBMONATA A MONTANA DE LA CORDILLERA O FILA COSTEÑA,Vegetación o bosque siempreverde estacional subnuboso a nuboso de la cordillera Fila Costeña Norte,14.1,0.16329130463186778,0
43,1.0360334832009355,Pérez Zeledón,San José,Pérez Zeledón,Rivas,1425,2,2,3,2,3,28,4,"PARORI, SCASUB, TETANG, TRICOR",07:45:00 UTC,23.4,2.5,0,0,2,50,19.004165649414063,2558,181.17777506510416,18.944444444444443,18,11.1,12,Cordillera de Talamanca. Laderas del Pacífico de la cordillera de Talmanca de 1000 a 3000 metros de altitud. Topografía quebrada.,"Bosque mixto intermedio estacional, subnuboso a nuboso de la Vertiente Pacífica de la Cordillera de Talamanca",12a,1.1,UF11,SubUF11.1,FORMACIONES VEGETALES SIEMPREVERDE MONATANA DE LA CORDILLERA DE TALAMANCA,"Vegetación o bosque mixto intermedio estacional, subnuboso a nuboso de la vertiente Pacífica de la Cordillera de Talamanca",11.1,0.3192302665969681,5.204576584286963
44,1.1490596969706202,Pérez Zeledón,San José,Pérez Zeledón,Rivas,1501,6,6,3,0,0,10,5,"PARORI, SCASUB, TETANG, TRICOR, MEGSPP",08:58:00 UTC,25.1,0.7,0,0,2,65,18.47916603088379,2486,176,15.722222222222221,18,11.1,12,Cordillera de Talamanca. Laderas del Pacífico de la cordillera de Talmanca de 1000 a 3000 metros de altitud. Topografía quebrada.,"Bosque mixto intermedio estacional, subnuboso a nuboso de la Vertiente Pacífica de la Cordillera de Talamanca",12a,1.1,UF11,SubUF11.1,FORMACIONES VEGETALES SIEMPREVERDE MONATANA DE LA CORDILLERA DE TALAMANCA,"Vegetación o bosque mixto intermedio estacional, subnuboso a nuboso de la vertiente Pacífica de la Cordillera de Talamanca",11.1,0.31797837237413834,3.6535271873231268
47,1.294545165844896,Pérez Zeledón,San José,Pérez Zeledón,Daniel Flores,932,2.07,2.07,2,0,0,11,5,"PARORI, TETANG, TETBUC, TRIFUL, TRISIL",07:44:00 UTC,25.4,0.9,0,0,2,60,21.320833206176758,2649,216.15555487738715,22.944444444444443,26,14.1,16,Fila Chonta. Laderas medias de las estribaciones de Talamanca. Topografía quebrada,Bosque siempreverde estacional subnuboso a nuboso de la Cordillera o Fila Costeña Norte,16a,1.4,UF14,SubUF14.1,FORMACIONES VEGETALES SIEMPREVERDE SUBMONATA A MONTANA DE LA CORDILLERA O FILA COSTEÑA,Vegetación o bosque siempreverde estacional subnuboso a nuboso de la cordillera Fila Costeña Norte,14.1,0.4389168354347684,4.622992935361274
50,1.2337380151460802,Pérez Zeledón,San José,Pérez Zeledón,San Pedro,693,35,3,1,0,0,22,7,"PARORI, PLEFRO, TETZIE, TETANG, TRIFUL, TRIPIP, HLCSPP",09:20:00 UTC,27.8,0.6,0,0,2,NA,22.575000762939453,2991,214.95555538601346,22.72222222222222,27,15.1,17,Valle del General. Cuenca media del rió Térraba. Topografía plano ondulada,Bosque semideciuo estacional del Valle de El Genera,17a,1.5,UF15,SubUF15.1,FORMACIONES VEGETALES SEMIDECIDUA A SIEMPREVERDE DEL VALLE DE GENERAL,Vegetación o bosque semideciduo a siempreverde estacional del Valle de General,15.1,0.22110798980858432,7.949799069012066
53,1.6769877743224173,Pérez Zeledón,San José,Pérez Zeledón,San Pedro,691,35,15,2,1,0,9,6,"PARORI, TETANG, TRICOR, TRIFUL, TRINIG, TRIPIP",08:07:00 UTC,24.8,0.6,0,0,1,NA,22.924999237060547,2854,224.6111102634006,24.5,27,15.1,17,Valle del General. Cuenca media del rió Térraba. Topografía plano ondulada,Bosque semideciuo estacional del Valle de El Genera,17a,1.5,UF15,SubUF15.1,FORMACIONES VEGETALES SEMIDECIDUA A SIEMPREVERDE DEL VALLE DE GENERAL,Vegetación o bosque semideciduo a siempreverde estacional del Valle de General,15.1,0.27942761932764876,5.695179787496095
57,1.0397207708399179,Pérez Zeledón,San José,Pérez Zeledón,San Pedro,866,100,60,2,0,0,4,3,"PARORI, TRIFUL, TRINIG",11:00:00 UTC,26.2,0.7,0,0,1,10,21.59583282470703,2846,214.95555538601346,22.72222222222222,27,15.1,17,Valle del General. Cuenca media del rió Térraba. Topografía plano ondulada,Bosque semideciuo estacional del Valle de El Genera,17a,1.5,UF15,SubUF15.1,FORMACIONES VEGETALES SEMIDECIDUA A SIEMPREVERDE DEL VALLE DE GENERAL,Vegetación o bosque semideciduo a siempreverde estacional del Valle de General,15.1,0.14061785644308014,2.828427124746255
62,0.9256939337700807,Valle Central,Heredia,Santo Domingo,San Miguel,1205,1,1,2,0,3,55,3,"PARORI, TETANG, TRICOR",10:41:00 UTC,26.5,0.8,0,0,2,95,20.108333587646484,2659,171.13333426581488,21.833333333333332,16,10.1,11,Cordilleras de Tilarán y Volcánica Central. Cimas de la cordillera de Tilarán y de la cordillera Volcánica Central y laderas del pacífico por encima de los 1200 metros de altitud. Topografía quebrada,Bosque siempreverde estacional de la Vertiente Pacífica de la Cordillera Central,11a,1,UF10,SubUF10.1,FORMACIONES VEGETALES SIEMPREVERDE MONTANA DE LA CORDILLERA CENTRAL,Vegetación o bosque siempreverde de la vertiente Caribe de la cordillera Central,10.1,0.16282717380648956,3.1294846115614474
67,1.0986122886681096,Valle Central,Heredia,Santa Barbara,Jesús,1614,124.19999999999999,124.19999999999999,1,1,0,3,3,"PARORI, TETANG, TRICOR",09:56:00 UTC,24.9,1.1,0,0,0,50,17.766666412353516,2410,182.25555504692926,20.555555555555557,16,10.1,11,Cordilleras de Tilarán y Volcánica Central. Cimas de la cordillera de Tilarán y de la cordillera Volcánica Central y laderas del pacífico por encima de los 1200 metros de altitud. Topografía quebrada,Bosque siempreverde estacional de la Vertiente Pacífica de la Cordillera Central,11a,1,UF10,SubUF10.1,FORMACIONES VEGETALES SIEMPREVERDE MONTANA DE LA CORDILLERA CENTRAL,Vegetación o bosque siempreverde de la vertiente Caribe de la cordillera Central,10.1,0.2738491674828599,2.9999999999998694
84,0.6931471805599453,Valle Central,Heredia,Barva,San Pablo,1439,6,6,2,3,4,2,2,"PARORI, TRICOR",10:36:00 UTC,25.7,1.4,0,0,2,100,19.15416717529297,2412,165.62221993340387,19.055555555555557,16,10.1,11,Cordilleras de Tilarán y Volcánica Central. Cimas de la cordillera de Tilarán y de la cordillera Volcánica Central y laderas del pacífico por encima de los 1200 metros de altitud. Topografía quebrada,Bosque siempreverde estacional de la Vertiente Pacífica de la Cordillera Central,11a,1,UF10,SubUF10.1,FORMACIONES VEGETALES SIEMPREVERDE MONTANA DE LA CORDILLERA CENTRAL,Vegetación o bosque siempreverde de la vertiente Caribe de la cordillera Central,10.1,0.05952458695226278,0
91,0.5623351446188083,Valle Occidental,Alajuela,San Ramon,Piedades Sur,1078,4.6,4.6,3,1,3,4,2,"PARORI, TRICOR",13:34:00 UTC,25.1,1,0,0,2,5,21.02083396911621,2758,155.22222264607748,22.77777777777778,0,9.1,10,"Tierras de laderas con topografía ondulada a quebrada, a partir de los 800 m (por el Pacífico) y 500 m (por el Caribe). Por su condición de cordillera relativamente más baja, de topografía general relativamente más uniforme en toda su extensión do",Bosque semideciduo a siempreverde estacional de la Vertiente Pacífica de la Cordillera de Tilarán,10a,9.1,UF9,SubUF9.1,FORMACIONES VEGETALES SIEMPREVERDE MONTANA DE LA CORDILLERA DE TILARAN,Vegetación o bosque semideciduo a siempreverde estacional de la vertiente Pacífica de la cordillera de Tilarán,9.1,0.07114159725624694,0
124,1.3853603777875552,Turrialba,Cartago,Turrialba,Santa Teresita,900,2,2,2,0,0,18,6,"PARORI, SCAARG, TETANG, TRICOR, TRINIG, HALSPP",NA,27.95,0.4333333333333333,NA,NA,0,52.5,21.679166793823242,3242,233.4111090766059,23.61111111111111,16,10.2,11,Cordilleras de Tilarán y Volcánica Central. Cimas de la cordillera de Tilarán y de la cordillera Volcánica Central y laderas del pacífico por encima de los 1200 metros de altitud. Topografía quebrada,Bosque siempreverde de la Vertiente Caribe de la Cordillera Central,11b,1,UF10,SubUF10.2,FORMACIONES VEGETALES SIEMPREVERDE MONTANA DE LA CORDILLERA CENTRAL,Vegetación o bosque siempreverde estacional de la vertiente Pacífica de la cordillera Central,10.2,0.1665467155194975,5.710360129968435
127,1.2130075659799042,Turrialba,Cartago,Turrialba,Santa Teresita,842,30,3,1,0,0,8,4,"PARORI, SCAPEC, TETANG, TRIFUL",NA,24.9,0.44999999999999996,NA,NA,1,14.875,21.825000762939453,3162,233.4111090766059,23.61111111111111,16,10.2,11,Cordilleras de Tilarán y Volcánica Central. Cimas de la cordillera de Tilarán y de la cordillera Volcánica Central y laderas del pacífico por encima de los 1200 metros de altitud. Topografía quebrada,Bosque siempreverde de la Vertiente Caribe de la Cordillera Central,11b,1,UF10,SubUF10.2,FORMACIONES VEGETALES SIEMPREVERDE MONTANA DE LA CORDILLERA CENTRAL,Vegetación o bosque siempreverde estacional de la vertiente Pacífica de la cordillera Central,10.2,0.2408423114593536,4.720571711943664
129,1.5859341131926619,Turrialba,Cartago,Turrialba,Pavones,932,8,3,1,0,0,20,7,"PARORI, PLEFRO, TETANG, TRICOR, TRINIG, TRIPIP, APISPP",NA,25.7125,0.425,NA,NA,2,35.3125,20.933334350585938,2891,212.45555623372397,21.944444444444443,19,11.3,12,Cordillera de Talamanca. Laderas del Caribe de la cordillera de Talmanca de 700 a 3000 metros de altitud. Topografía quebrada.,"Bosque mixto intermedio siempreverde, subnuboso a nuboso de la Vertiente Caribe de la Cordillera de Talamanca",12b,1.1,UF11,SubUF11.3,FORMACIONES VEGETALES SIEMPREVERDE MONATANA DE LA CORDILLERA DE TALAMANCA,12 b,11.3,0.5130826772939601,5.024212399607673
137,1.8939995267748597,Turrialba,Cartago,Turrialba,Santa Teresita,737,1,0.35,2,0,0,18,8,"PARORI, PLEFRO, SCAPEC, SCAARG, TETANG, TRICOR, TRIFUL, TRIPIP",NA,28.8,0.3,NA,NA,0,58.583333333333336,22.241666793823242,3337,233.4111090766059,23.61111111111111,16,10.2,11,Cordilleras de Tilarán y Volcánica Central. Cimas de la cordillera de Tilarán y de la cordillera Volcánica Central y laderas del pacífico por encima de los 1200 metros de altitud. Topografía quebrada,Bosque siempreverde de la Vertiente Caribe de la Cordillera Central,11b,1,UF10,SubUF10.2,FORMACIONES VEGETALES SIEMPREVERDE MONTANA DE LA CORDILLERA CENTRAL,Vegetación o bosque siempreverde estacional de la vertiente Pacífica de la cordillera Central,10.2,0.1437438745508004,7.435471445931376
139,0,Turrialba,Cartago,Turrialba,Turrialba,1000,26,24,3,0,0,1,1,PARORI,NA,25.35,0.4375,NA,NA,0,43.125,21.09583282470703,3282,206.57777659098306,21.444444444444443,16,10.2,11,Cordilleras de Tilarán y Volcánica Central. Cimas de la cordillera de Tilarán y de la cordillera Volcánica Central y laderas del pacífico por encima de los 1200 metros de altitud. Topografía quebrada,Bosque siempreverde de la Vertiente Caribe de la Cordillera Central,11b,1,UF10,SubUF10.2,FORMACIONES VEGETALES SIEMPREVERDE MONTANA DE LA CORDILLERA CENTRAL,Vegetación o bosque siempreverde estacional de la vertiente Pacífica de la cordillera Central,10.2,0.2812836668734289,0
113,1.4750763110546947,Turrialba,Cartago,Turrialba,La Suiza,716,2.76,2.42,3,0,1,7,5,"PARORN, TETANG, TRICOR, TRINIG, TRIPIP",NA,22.75,0.15,NA,NA,2,0,22.524999618530273,3131,221.94444274902344,22.944444444444443,19,11.3,12,Cordillera de Talamanca. Laderas del Caribe de la cordillera de Talmanca de 700 a 3000 metros de altitud. Topografía quebrada.,"Bosque mixto intermedio siempreverde, subnuboso a nuboso de la Vertiente Caribe de la Cordillera de Talamanca",12b,1.1,UF11,SubUF11.3,FORMACIONES VEGETALES SIEMPREVERDE MONATANA DE LA CORDILLERA DE TALAMANCA,12 b,11.3,0.26380448278115404,5.034926280701037
59,1.0986122886681096,Pérez Zeledón,San José,Pérez Zeledón,San Pedro,648,80,80,2,0,0,6,5,"PLEFRO, TETANG, TRINIG, HLCSPP, ORTSPP",08:26:00 UTC,30.2,1.1,0,0,2,50,23.100000381469727,2864,212.0999959309896,23.5,27,15.1,17,Valle del General. Cuenca media del rió Térraba. Topografía plano ondulada,Bosque semideciuo estacional del Valle de El Genera,17a,1.5,UF15,SubUF15.1,FORMACIONES VEGETALES SEMIDECIDUA A SIEMPREVERDE DEL VALLE DE GENERAL,Vegetación o bosque semideciduo a siempreverde estacional del Valle de General,15.1,0.38240674201345787,2.9999999999998694
78,0.9312274696903251,Valle Central,San José,Puriscal,Barbacoas,1093,18,18,1,0,1,73,8,"EXOSPP, PLEFRO, PLEJAT, SCAARG, TETANG, TRICOR, TRIFUL, TRIPIP",13:40:00 UTC,29.3,0.7,0,0,2,50,21.429166793823242,2381,179.07777743869357,22.666666666666668,17,12.1,13,Valle Central y cerros de Escazú y Turrubares. Tierras plano onduladas del valle Central y áreas de topografía quebrada de los sistemas montañosos al sur,Bosque siempreverde estacional de las serranías y valles del Pacífico Central,13a,1.2,UF12,SubUF12.1,FORMACIONES VEGETALES SIEMPREVERDE SUBMONATANA A MONATANA DEL PACÍFICO CENTRAL(Valle Central-Cerro Turrubares),"Vegetación o bosque siempreverde submontano estacional de serranias, valles y mesetas del Pacífico Central",12.1,0.16776111601163057,3.737155099277263
58,0,Pérez Zeledón,San José,Pérez Zeledón,San Pedro,1025,40,40,2,1,0,2,2,"PLELLO, HLCSPP",12:32:00 UTC,28.2,0.6,0,0,0,10,21.59583282470703,2846,214.95555538601346,22.72222222222222,18,11.1,12,Cordillera de Talamanca. Laderas del Pacífico de la cordillera de Talmanca de 1000 a 3000 metros de altitud. Topografía quebrada.,"Bosque mixto intermedio estacional, subnuboso a nuboso de la Vertiente Pacífica de la Cordillera de Talamanca",12a,1.1,UF11,SubUF11.1,FORMACIONES VEGETALES SIEMPREVERDE MONATANA DE LA CORDILLERA DE TALAMANCA,"Vegetación o bosque mixto intermedio estacional, subnuboso a nuboso de la vertiente Pacífica de la Cordillera de Talamanca",11.1,0.1932471264367816,0
45,0.5004024235381879,Pérez Zeledón,San José,Pérez Zeledón,Platanares,1042,5,5,2,2,0,6,3,"PLEPUL, TRICOR, XYLSPP",13:05:00 UTC,26.2,1.6,0,0,2,20,21.27083396911621,2614,216.15555487738715,22.944444444444443,26,14.1,16,Fila Chonta. Laderas medias de las estribaciones de Talamanca. Topografía quebrada,Bosque siempreverde estacional subnuboso a nuboso de la Cordillera o Fila Costeña Norte,16a,1.4,UF14,SubUF14.1,FORMACIONES VEGETALES SIEMPREVERDE SUBMONATA A MONTANA DE LA CORDILLERA O FILA COSTEÑA,Vegetación o bosque siempreverde estacional subnuboso a nuboso de la cordillera Fila Costeña Norte,14.1,0.10269811197491344,2.5000000000001683
2,0.8675632284814612,Los Santos,San José,Dota,Santa María,1727,NA,NA,1,4,1,6,3,"SCASUB, TRICOR, TRIFUL",10:45:00 UTC,25.6,0,0,0,2,30,17.725000381469727,2365,161.74444495307074,18.555555555555557,18,11.1,12,Cordillera de Talamanca. Laderas del Pacífico de la cordillera de Talmanca de 1000 a 3000 metros de altitud. Topografía quebrada.,"Bosque mixto intermedio estacional, subnuboso a nuboso de la Vertiente Pacífica de la Cordillera de Talamanca",12a,1.1,UF11,SubUF11.1,FORMACIONES VEGETALES SIEMPREVERDE MONATANA DE LA CORDILLERA DE TALAMANCA,"Vegetación o bosque mixto intermedio estacional, subnuboso a nuboso de la vertiente Pacífica de la Cordillera de Talamanca",11.1,0.17505799326951352,3.244895053623066
15,0.6001660731596457,Los Santos,San José,Tarrazú,San Marcos,1903,2.76,2.76,1,1,0,11,3,"SCASUB, TETANG, TRICOR",13:28:00 UTC,24.7,2,0,0,2,40,16.549999237060547,2239,161.74444495307074,18.555555555555557,18,11.1,12,Cordillera de Talamanca. Laderas del Pacífico de la cordillera de Talmanca de 1000 a 3000 metros de altitud. Topografía quebrada.,"Bosque mixto intermedio estacional, subnuboso a nuboso de la Vertiente Pacífica de la Cordillera de Talamanca",12a,1.1,UF11,SubUF11.1,FORMACIONES VEGETALES SIEMPREVERDE MONATANA DE LA CORDILLERA DE TALAMANCA,"Vegetación o bosque mixto intermedio estacional, subnuboso a nuboso de la vertiente Pacífica de la Cordillera de Talamanca",11.1,0.2824213138304819,3.6666666666664054
17,0.45056120886630463,Los Santos,San José,Tarrazú,San Marcos,1770,7.59,7.59,2,0,0,6,2,"SCASUB, TETANG",14:30:00 UTC,25.6,1.1,0,0,1,40,17.233333587646484,2069,161.74444495307074,18.555555555555557,18,11.1,12,Cordillera de Talamanca. Laderas del Pacífico de la cordillera de Talmanca de 1000 a 3000 metros de altitud. Topografía quebrada.,"Bosque mixto intermedio estacional, subnuboso a nuboso de la Vertiente Pacífica de la Cordillera de Talamanca",12a,1.1,UF11,SubUF11.1,FORMACIONES VEGETALES SIEMPREVERDE MONATANA DE LA CORDILLERA DE TALAMANCA,"Vegetación o bosque mixto intermedio estacional, subnuboso a nuboso de la vertiente Pacífica de la Cordillera de Talamanca",11.1,0.08690682256115484,0
33,0.5004024235381879,Los Santos,San José,Tarrazú,San Marcos,1607,1.38,1.38,2,1,1,5,2,"SCASUB, TRICOR",11:20:00 UTC,29.5,1.8,0,0,2,20,17.870832443237305,2387,156.66666836208768,18.27777777777778,18,11.1,12,Cordillera de Talamanca. Laderas del Pacífico de la cordillera de Talmanca de 1000 a 3000 metros de altitud. Topografía quebrada.,"Bosque mixto intermedio estacional, subnuboso a nuboso de la Vertiente Pacífica de la Cordillera de Talamanca",12a,1.1,UF11,SubUF11.1,FORMACIONES VEGETALES SIEMPREVERDE MONATANA DE LA CORDILLERA DE TALAMANCA,"Vegetación o bosque mixto intermedio estacional, subnuboso a nuboso de la vertiente Pacífica de la Cordillera de Talamanca",11.1,0.14314647850516138,2.5000000000001683
32,0.5297061990576545,Los Santos,San José,Tarrazú,San Marcos,1417,2,2,2,0,2,9,2,"TETANG, TRICOR",09:25:00 UTC,29.5,1.5,0,0,2,75,19.15416717529297,2383,160.76666662428113,19.72222222222222,18,11.1,12,Cordillera de Talamanca. Laderas del Pacífico de la cordillera de Talmanca de 1000 a 3000 metros de altitud. Topografía quebrada.,"Bosque mixto intermedio estacional, subnuboso a nuboso de la Vertiente Pacífica de la Cordillera de Talamanca",12a,1.1,UF11,SubUF11.1,FORMACIONES VEGETALES SIEMPREVERDE MONATANA DE LA CORDILLERA DE TALAMANCA,"Vegetación o bosque mixto intermedio estacional, subnuboso a nuboso de la vertiente Pacífica de la Cordillera de Talamanca",11.1,0.04492583153630007,2.405351177211917
34,0.6365141682948128,Pérez Zeledón,San José,Pérez Zeledón,Rivas,1506,4,2,2,2,3,4,3,"TETANG, TRICOR, HLCSPP",09:55:00 UTC,27.6,2.6,0,0,0,50,17.79166603088379,2396,219.88888549804688,15.88888888888889,18,11.1,12,Cordillera de Talamanca. Laderas del Pacífico de la cordillera de Talmanca de 1000 a 3000 metros de altitud. Topografía quebrada.,"Bosque mixto intermedio estacional, subnuboso a nuboso de la Vertiente Pacífica de la Cordillera de Talamanca",12a,1.1,UF11,SubUF11.1,FORMACIONES VEGETALES SIEMPREVERDE MONATANA DE LA CORDILLERA DE TALAMANCA,"Vegetación o bosque mixto intermedio estacional, subnuboso a nuboso de la vertiente Pacífica de la Cordillera de Talamanca",11.1,0.1629593336599706,2.1213203435595895
52,0.6931471805599453,Pérez Zeledón,San José,Pérez Zeledón,Cajón,790,3,1,2,0,0,2,2,"TETANG, TRISIL",11:15:00 UTC,28.9,0.9,0,0,2,NA,22.35416603088379,2922,212.0999959309896,23.5,27,15.1,17,Valle del General. Cuenca media del rió Térraba. Topografía plano ondulada,Bosque semideciuo estacional del Valle de El Genera,17a,1.5,UF15,SubUF15.1,FORMACIONES VEGETALES SEMIDECIDUA A SIEMPREVERDE DEL VALLE DE GENERAL,Vegetación o bosque semideciduo a siempreverde estacional del Valle de General,15.1,0.09259259259259259,2.000000000000048
65,0.4895518936229288,Valle Central,Heredia,Barva,San Pedro,1238,5,1.5,1,2,3,27,3,"TETANG, TRICOR, HLCSPP",08:09:00 UTC,25.8,1.4,0,0,2,90,20.329166412353516,2685,172.0666677686903,22.333333333333332,16,10.1,11,Cordilleras de Tilarán y Volcánica Central. Cimas de la cordillera de Tilarán y de la cordillera Volcánica Central y laderas del pacífico por encima de los 1200 metros de altitud. Topografía quebrada,Bosque siempreverde estacional de la Vertiente Pacífica de la Cordillera Central,11a,1,UF10,SubUF10.1,FORMACIONES VEGETALES SIEMPREVERDE MONTANA DE LA CORDILLERA CENTRAL,Vegetación o bosque siempreverde de la vertiente Caribe de la cordillera Central,10.1,0.05128707696328237,2.5373401896659833
95,0.9110175397125628,Valle Occidental,Alajuela,Naranjo,Cirrí Sur,1439,3.4499999999999997,3.4499999999999997,3,4,4,13,3,"TETANG, TRICOR, TRIFUL",12:59:00 UTC,24.5,1.6,0,0,2,95,19.262500762939453,2655,163.966668870714,19.944444444444443,16,10.1,11,Cordilleras de Tilarán y Volcánica Central. Cimas de la cordillera de Tilarán y de la cordillera Volcánica Central y laderas del pacífico por encima de los 1200 metros de altitud. Topografía quebrada,Bosque siempreverde estacional de la Vertiente Pacífica de la Cordillera Central,11a,1,UF10,SubUF10.1,FORMACIONES VEGETALES SIEMPREVERDE MONTANA DE LA CORDILLERA CENTRAL,Vegetación o bosque siempreverde de la vertiente Caribe de la cordillera Central,10.1,0.03046729582340071,2.786458897469064
102,0.8760057656431737,Valle Occidental,Alajuela,Palmares,Santiago,1043,0.8,0.8,2,0,0,17,5,"THYSPP, TETANG, TRICOR, TRINIG, HLCSPP",09:25:00 UTC,26.3,0.8,0,0,2,30,21.16666603088379,2383,159.92222044203015,22.22222222222222,11,6.1,6,Valle del río Tempisque. Pie de monte de las cordilleras Volcánica de Guanacaste y Tilarán y lomas bajas del norte de la península  de Nicoya,Bosque deciduo a semideciduo de las llanuras de Guanacaste-Valle Central e Islas del Pacífica Norte,6a,6.1,UF6,SubUF6.2,FORMACIONES VEGETALES DECIDUA A SEMIDECIDUA DE LAS LLANURAS DE GUANACASTE-PENÍNSULA DE NICOYA-ISLAS DEL PACÍFICO NORTE-VALLE CENTRAL,Vegetación o bosque decíduo o semideciduo sobre tierras elevadas de las llanuras de Guanacaste-Península de Nicoya-Islas del Pacífico Norte-Valle Central,6.1,0,2.484941101265526
119,0.9596147939120492,Turrialba,Cartago,Turrialba,Pavones,740,4,4,3,0,0,12,3,"TETANG, TRICOR, TRINIG",NA,25.753333333333334,0.5933333333333334,NA,NA,2,38,22.54166603088379,3276,237.23333401150174,23.88888888888889,19,11.3,12,Cordillera de Talamanca. Laderas del Caribe de la cordillera de Talmanca de 700 a 3000 metros de altitud. Topografía quebrada.,"Bosque mixto intermedio siempreverde, subnuboso a nuboso de la Vertiente Caribe de la Cordillera de Talamanca",12b,1.1,UF11,SubUF11.3,FORMACIONES VEGETALES SIEMPREVERDE MONATANA DE LA CORDILLERA DE TALAMANCA,12 b,11.3,0.3961925287356322,3.0099068946655447
132,1.0986122886681096,Turrialba,Cartago,Turrialba,La Suiza,889,NA,1.04,2,0,0,4,4,"TETANG, TRIFUS, TRISIL, APISPP",NA,28.05,0.3,NA,NA,1,25.25,21.725000381469727,3296,221.94444274902344,22.944444444444443,19,11.3,12,Cordillera de Talamanca. Laderas del Caribe de la cordillera de Talmanca de 700 a 3000 metros de altitud. Topografía quebrada.,"Bosque mixto intermedio siempreverde, subnuboso a nuboso de la Vertiente Caribe de la Cordillera de Talamanca",12b,1.1,UF11,SubUF11.3,FORMACIONES VEGETALES SIEMPREVERDE MONATANA DE LA CORDILLERA DE TALAMANCA,12 b,11.3,0.407559868012676,2.9999999999998694
138,0,Turrialba,Cartago,Turrialba,Santa Rosa,840,26,24,3,0,0,1,1,TETANG,NA,28.266666666666666,0.6333333333333333,NA,NA,0,84.66666666666667,21.987499237060547,3376,213.04444546169705,22.72222222222222,16,10.2,11,Cordilleras de Tilarán y Volcánica Central. Cimas de la cordillera de Tilarán y de la cordillera Volcánica Central y laderas del pacífico por encima de los 1200 metros de altitud. Topografía quebrada,Bosque siempreverde de la Vertiente Caribe de la Cordillera Central,11b,1,UF10,SubUF10.2,FORMACIONES VEGETALES SIEMPREVERDE MONTANA DE LA CORDILLERA CENTRAL,Vegetación o bosque siempreverde estacional de la vertiente Pacífica de la cordillera Central,10.2,0.18212710341447477,0
4,0,Los Santos,San José,Tarrazú,San Marcos,1497,10.2,2.5,3,0,0,2,1,TRICOR,11:10:00 UTC,28.6,1.8,0,0,1,95,18.691667556762695,2345,160.76666662428113,19.72222222222222,18,11.1,12,Cordillera de Talamanca. Laderas del Pacífico de la cordillera de Talmanca de 1000 a 3000 metros de altitud. Topografía quebrada.,"Bosque mixto intermedio estacional, subnuboso a nuboso de la Vertiente Pacífica de la Cordillera de Talamanca",12a,1.1,UF11,SubUF11.1,FORMACIONES VEGETALES SIEMPREVERDE MONATANA DE LA CORDILLERA DE TALAMANCA,"Vegetación o bosque mixto intermedio estacional, subnuboso a nuboso de la vertiente Pacífica de la Cordillera de Talamanca",11.1,0.04236623766904031,0
5,0,Los Santos,San José,Tarrazú,San Lorenzo,1364,1.38,1.38,3,1,0,12,1,TRICOR,15:20:00 UTC,26.4,1.1,0,0,2,80,18.72083282470703,2281,160.13333723280164,19.666666666666668,18,11.1,12,Cordillera de Talamanca. Laderas del Pacífico de la cordillera de Talmanca de 1000 a 3000 metros de altitud. Topografía quebrada.,"Bosque mixto intermedio estacional, subnuboso a nuboso de la Vertiente Pacífica de la Cordillera de Talamanca",12a,1.1,UF11,SubUF11.1,FORMACIONES VEGETALES SIEMPREVERDE MONATANA DE LA CORDILLERA DE TALAMANCA,"Vegetación o bosque mixto intermedio estacional, subnuboso a nuboso de la vertiente Pacífica de la Cordillera de Talamanca",11.1,0.14857049501715405,0
6,0.37677016125643675,Los Santos,San José,Tarrazú,San Marcos,1722,NA,NA,2,1,0,8,2,"TRICOR, TRIFUL",12:25:00 UTC,23.3,0.8,0,0,2,60,16.90416717529297,2406,156.66666836208768,18.27777777777778,18,11.1,12,Cordillera de Talamanca. Laderas del Pacífico de la cordillera de Talmanca de 1000 a 3000 metros de altitud. Topografía quebrada.,"Bosque mixto intermedio estacional, subnuboso a nuboso de la Vertiente Pacífica de la Cordillera de Talamanca",12a,1.1,UF11,SubUF11.1,FORMACIONES VEGETALES SIEMPREVERDE MONATANA DE LA CORDILLERA DE TALAMANCA,"Vegetación o bosque mixto intermedio estacional, subnuboso a nuboso de la vertiente Pacífica de la Cordillera de Talamanca",11.1,0.3591786099049982,3.0237157840736963
7,0,Los Santos,San José,Desamparados,Frailes,1542,3,3,2,1,1,6,1,TRICOR,09:56:00 UTC,22.4,2.4,0,0,2,60,18.616666793823242,2027,172.71111170450845,19.38888888888889,18,11.1,12,Cordillera de Talamanca. Laderas del Pacífico de la cordillera de Talmanca de 1000 a 3000 metros de altitud. Topografía quebrada.,"Bosque mixto intermedio estacional, subnuboso a nuboso de la Vertiente Pacífica de la Cordillera de Talamanca",12a,1.1,UF11,SubUF11.1,FORMACIONES VEGETALES SIEMPREVERDE MONATANA DE LA CORDILLERA DE TALAMANCA,"Vegetación o bosque mixto intermedio estacional, subnuboso a nuboso de la vertiente Pacífica de la Cordillera de Talamanca",11.1,0.07316037119330807,0
12,0,Los Santos,San José,Desamparados,Frailes,1506,NA,NA,3,1,0,1,1,TRICOR,14:43:00 UTC,28.7,1.7,0,0,2,35,18.712499618530273,2078,169.61111450195313,20.444444444444443,18,11.1,12,Cordillera de Talamanca. Laderas del Pacífico de la cordillera de Talmanca de 1000 a 3000 metros de altitud. Topografía quebrada.,"Bosque mixto intermedio estacional, subnuboso a nuboso de la Vertiente Pacífica de la Cordillera de Talamanca",12a,1.1,UF11,SubUF11.1,FORMACIONES VEGETALES SIEMPREVERDE MONATANA DE LA CORDILLERA DE TALAMANCA,"Vegetación o bosque mixto intermedio estacional, subnuboso a nuboso de la vertiente Pacífica de la Cordillera de Talamanca",11.1,0.08654474199869366,0
16,0,Los Santos,San José,Desamparados,Frailes,1539,NA,NA,1,1,0,2,1,TRICOR,09:23:00 UTC,19.4,1.8,1,1,2,5,18.616666793823242,2027,172.71111170450845,19.38888888888889,18,11.1,12,Cordillera de Talamanca. Laderas del Pacífico de la cordillera de Talmanca de 1000 a 3000 metros de altitud. Topografía quebrada.,"Bosque mixto intermedio estacional, subnuboso a nuboso de la Vertiente Pacífica de la Cordillera de Talamanca",12a,1.1,UF11,SubUF11.1,FORMACIONES VEGETALES SIEMPREVERDE MONATANA DE LA CORDILLERA DE TALAMANCA,"Vegetación o bosque mixto intermedio estacional, subnuboso a nuboso de la vertiente Pacífica de la Cordillera de Talamanca",11.1,0.055049168545199124,0
21,0.6730116670092565,Los Santos,San José,Leon Cortes,San Isidro,1749,0.69,0.69,2,1,0,5,2,"TRICOR, TRIFUL",11:27:00 UTC,25.5,2.1,0,0,2,80,17.420833587646484,2637,165.36666827731662,18.27777777777778,18,11.1,12,Cordillera de Talamanca. Laderas del Pacífico de la cordillera de Talmanca de 1000 a 3000 metros de altitud. Topografía quebrada.,"Bosque mixto intermedio estacional, subnuboso a nuboso de la Vertiente Pacífica de la Cordillera de Talamanca",12a,1.1,UF11,SubUF11.1,FORMACIONES VEGETALES SIEMPREVERDE MONATANA DE LA CORDILLERA DE TALAMANCA,"Vegetación o bosque mixto intermedio estacional, subnuboso a nuboso de la vertiente Pacífica de la Cordillera de Talamanca",11.1,0.0631125049000392,2.041241452319173
23,0.5004024235381879,Los Santos,San José,Tarrazú,San Lorenzo,1523,6.209999999999999,6.209999999999999,2,4,0,5,2,"TRICOR, TRIFUL",11:35:00 UTC,23.2,1.9,0,0,0,10,18.829166412353516,2611,171.67777676052518,20.61111111111111,18,11.1,12,Cordillera de Talamanca. Laderas del Pacífico de la cordillera de Talmanca de 1000 a 3000 metros de altitud. Topografía quebrada.,"Bosque mixto intermedio estacional, subnuboso a nuboso de la Vertiente Pacífica de la Cordillera de Talamanca",12a,1.1,UF11,SubUF11.1,FORMACIONES VEGETALES SIEMPREVERDE MONATANA DE LA CORDILLERA DE TALAMANCA,"Vegetación o bosque mixto intermedio estacional, subnuboso a nuboso de la vertiente Pacífica de la Cordillera de Talamanca",11.1,0.25528301270535975,2.5000000000001683
25,0,Los Santos,San José,Leon Cortes,San Pablo,1742,2.07,2.07,3,0,1,8,2,"TRICOR, XYLSPP",11:50:00 UTC,23.7,0.8,1,1,1,25,17.429166793823242,2637,165.36666827731662,18.27777777777778,18,11.1,12,Cordillera de Talamanca. Laderas del Pacífico de la cordillera de Talmanca de 1000 a 3000 metros de altitud. Topografía quebrada.,"Bosque mixto intermedio estacional, subnuboso a nuboso de la Vertiente Pacífica de la Cordillera de Talamanca",12a,1.1,UF11,SubUF11.1,FORMACIONES VEGETALES SIEMPREVERDE MONATANA DE LA CORDILLERA DE TALAMANCA,"Vegetación o bosque mixto intermedio estacional, subnuboso a nuboso de la vertiente Pacífica de la Cordillera de Talamanca",11.1,0.11408782017773131,0
29,0,Los Santos,San José,Tarrazú,San Marcos,1432,0.69,0.69,1,0,0,13,3,"DIPSPP, TRICOR, HLCSPP",10:37:00 UTC,25.4,0.8,0,0,1,80,18.516666412353516,2020,160.76666662428113,19.72222222222222,18,11.1,12,Cordillera de Talamanca. Laderas del Pacífico de la cordillera de Talmanca de 1000 a 3000 metros de altitud. Topografía quebrada.,"Bosque mixto intermedio estacional, subnuboso a nuboso de la Vertiente Pacífica de la Cordillera de Talamanca",12a,1.1,UF11,SubUF11.1,FORMACIONES VEGETALES SIEMPREVERDE MONATANA DE LA CORDILLERA DE TALAMANCA,"Vegetación o bosque mixto intermedio estacional, subnuboso a nuboso de la vertiente Pacífica de la Cordillera de Talamanca",11.1,0.053013465812524516,0
30,0,Los Santos,San José,Tarrazú,San Lorenzo,1556,7.59,5.52,1,1,0,2,1,TRICOR,12:40:00 UTC,26.6,1.3,0,0,1,5,18.575000762939453,2032,160.76666662428113,19.72222222222222,18,11.1,12,Cordillera de Talamanca. Laderas del Pacífico de la cordillera de Talmanca de 1000 a 3000 metros de altitud. Topografía quebrada.,"Bosque mixto intermedio estacional, subnuboso a nuboso de la Vertiente Pacífica de la Cordillera de Talamanca",12a,1.1,UF11,SubUF11.1,FORMACIONES VEGETALES SIEMPREVERDE MONATANA DE LA CORDILLERA DE TALAMANCA,"Vegetación o bosque mixto intermedio estacional, subnuboso a nuboso de la vertiente Pacífica de la Cordillera de Talamanca",11.1,0.1342152539604769,0
31,0.24493002679463532,Los Santos,San José,Tarrazú,San Lorenzo,1641,6.209999999999999,6.209999999999999,2,1,1,15,2,"TRICOR, TRIFUL",10:08:00 UTC,23.6,0.8,0,0,1,50,18.79166603088379,2312,160.13333723280164,19.666666666666668,18,11.1,12,Cordillera de Talamanca. Laderas del Pacífico de la cordillera de Talmanca de 1000 a 3000 metros de altitud. Topografía quebrada.,"Bosque mixto intermedio estacional, subnuboso a nuboso de la Vertiente Pacífica de la Cordillera de Talamanca",12a,1.1,UF11,SubUF11.1,FORMACIONES VEGETALES SIEMPREVERDE MONATANA DE LA CORDILLERA DE TALAMANCA,"Vegetación o bosque mixto intermedio estacional, subnuboso a nuboso de la vertiente Pacífica de la Cordillera de Talamanca",11.1,0.2346808719239191,4.008918628686275
40,1.0397207708399179,Pérez Zeledón,San José,Pérez Zeledón,Platanares,775,4,4,1,0,1,6,4,"TRICOR, TRIFUL, TRIPIP, HLCSPP",10:45:00 UTC,30.7,1.1,0,0,2,30,22.641666412353516,2948,227.3888905843099,23.944444444444443,27,15.1,17,Valle del General. Cuenca media del rió Térraba. Topografía plano ondulada,Bosque semideciuo estacional del Valle de El Genera,17a,1.5,UF15,SubUF15.1,FORMACIONES VEGETALES SEMIDECIDUA A SIEMPREVERDE DEL VALLE DE GENERAL,Vegetación o bosque semideciduo a siempreverde estacional del Valle de General,15.1,0.29465394418665447,3.0542636304968123
64,0,Valle Central,Heredia,San Isidro,San Francisco,1283,20,20,1,1,1,2,1,TRICOR,11:20:00 UTC,24.4,2.2,1,1,2,50,19.79166603088379,2456,178.04444673326282,20.555555555555557,16,10.1,11,Cordilleras de Tilarán y Volcánica Central. Cimas de la cordillera de Tilarán y de la cordillera Volcánica Central y laderas del pacífico por encima de los 1200 metros de altitud. Topografía quebrada,Bosque siempreverde estacional de la Vertiente Pacífica de la Cordillera Central,11a,1,UF10,SubUF10.1,FORMACIONES VEGETALES SIEMPREVERDE MONTANA DE LA CORDILLERA CENTRAL,Vegetación o bosque siempreverde de la vertiente Caribe de la cordillera Central,10.1,0.011984847495264843,0
68,0,Valle Central,Heredia,Santa Barbara,Jesús,1613,124.19999999999999,124.19999999999999,2,0,0,8,2,"TRICOR, XYLSPP",10:56:00 UTC,25.8,1.1,0,0,0,50,18.191665649414063,2483,182.25555504692926,20.555555555555557,16,10.1,11,Cordilleras de Tilarán y Volcánica Central. Cimas de la cordillera de Tilarán y de la cordillera Volcánica Central y laderas del pacífico por encima de los 1200 metros de altitud. Topografía quebrada,Bosque siempreverde estacional de la Vertiente Pacífica de la Cordillera Central,11a,1,UF10,SubUF10.1,FORMACIONES VEGETALES SIEMPREVERDE MONTANA DE LA CORDILLERA CENTRAL,Vegetación o bosque siempreverde de la vertiente Caribe de la cordillera Central,10.1,0.14325392935333137,0
73,0,Valle Central,Alajuela,Poas,San Pedro,1207,440,440,3,2,0,3,2,"TRICOR, HLCSPP",09:54:00 UTC,26.7,1,0,0,1,30,19.97916603088379,2612,168.9222238328722,20.444444444444443,16,10.1,11,Cordilleras de Tilarán y Volcánica Central. Cimas de la cordillera de Tilarán y de la cordillera Volcánica Central y laderas del pacífico por encima de los 1200 metros de altitud. Topografía quebrada,Bosque siempreverde estacional de la Vertiente Pacífica de la Cordillera Central,11a,1,UF10,SubUF10.1,FORMACIONES VEGETALES SIEMPREVERDE MONTANA DE LA CORDILLERA CENTRAL,Vegetación o bosque siempreverde de la vertiente Caribe de la cordillera Central,10.1,0.04258515397929526,0
74,0,Valle Central,Alajuela,Poas,San Pedro,1269,440,440,2,2,0,1,1,TRICOR,08:32:00 UTC,22.2,0.9,0,0,0,60,19.337499618530273,2422,168.9222238328722,20.444444444444443,16,10.1,11,Cordilleras de Tilarán y Volcánica Central. Cimas de la cordillera de Tilarán y de la cordillera Volcánica Central y laderas del pacífico por encima de los 1200 metros de altitud. Topografía quebrada,Bosque siempreverde estacional de la Vertiente Pacífica de la Cordillera Central,11a,1,UF10,SubUF10.1,FORMACIONES VEGETALES SIEMPREVERDE MONTANA DE LA CORDILLERA CENTRAL,Vegetación o bosque siempreverde de la vertiente Caribe de la cordillera Central,10.1,0.11047575480329369,0
76,0.48257756517701206,Valle Central,Alajuela,Alajuela,San Isidro,1500,32.43,32.43,2,0,0,16,2,"TRICOR, TRIFUL",07:55:00 UTC,20.3,2.7,1,1,0,35,18.233333587646484,2486,170.81111441718207,19.5,16,10.1,11,Cordilleras de Tilarán y Volcánica Central. Cimas de la cordillera de Tilarán y de la cordillera Volcánica Central y laderas del pacífico por encima de los 1200 metros de altitud. Topografía quebrada,Bosque siempreverde estacional de la Vertiente Pacífica de la Cordillera Central,11a,1,UF10,SubUF10.1,FORMACIONES VEGETALES SIEMPREVERDE MONTANA DE LA CORDILLERA CENTRAL,Vegetación o bosque siempreverde de la vertiente Caribe de la cordillera Central,10.1,0.251437344832092,2.562050460881243
82,0,Valle Central,Alajuela,Alajuela,San Isidro,1447,69,69,2,1,0,1,1,TRICOR,10:55:00 UTC,24.2,1.2,0,0,0,20,18.745834350585938,2544,170.81111441718207,19.5,16,10.1,11,Cordilleras de Tilarán y Volcánica Central. Cimas de la cordillera de Tilarán y de la cordillera Volcánica Central y laderas del pacífico por encima de los 1200 metros de altitud. Topografía quebrada,Bosque siempreverde estacional de la Vertiente Pacífica de la Cordillera Central,11a,1,UF10,SubUF10.1,FORMACIONES VEGETALES SIEMPREVERDE MONTANA DE LA CORDILLERA CENTRAL,Vegetación o bosque siempreverde de la vertiente Caribe de la cordillera Central,10.1,0.09833709039824888,0
98,0,Valle Occidental,Alajuela,San Ramon,Piedades Sur,1116,4.14,4.14,3,1,0,2,2,"TRICOR, XYLSPP",12:33:00 UTC,25.1,1,0,0,1,2,20.762500762939453,2297,150.0555536482069,22.22222222222222,11,6.1,6,Valle del río Tempisque. Pie de monte de las cordilleras Volcánica de Guanacaste y Tilarán y lomas bajas del norte de la península  de Nicoya,Bosque deciduo a semideciduo de las llanuras de Guanacaste-Valle Central e Islas del Pacífica Norte,6a,6.1,UF6,SubUF6.2,FORMACIONES VEGETALES DECIDUA A SEMIDECIDUA DE LAS LLANURAS DE GUANACASTE-PENÍNSULA DE NICOYA-ISLAS DEL PACÍFICO NORTE-VALLE CENTRAL,Vegetación o bosque decíduo o semideciduo sobre tierras elevadas de las llanuras de Guanacaste-Península de Nicoya-Islas del Pacífico Norte-Valle Central,6.1,0.10748823836905384,0
100,0,Valle Occidental,Alajuela,Naranjo,San Jeronimo,1531,8.28,5.52,3,0,0,12,1,TRICOR,12:03:00 UTC,24.5,2,0,0,2,80,18.66666603088379,2656,163.966668870714,19.944444444444443,16,10.1,11,Cordilleras de Tilarán y Volcánica Central. Cimas de la cordillera de Tilarán y de la cordillera Volcánica Central y laderas del pacífico por encima de los 1200 metros de altitud. Topografía quebrada,Bosque siempreverde estacional de la Vertiente Pacífica de la Cordillera Central,11a,1,UF10,SubUF10.1,FORMACIONES VEGETALES SIEMPREVERDE MONTANA DE LA CORDILLERA CENTRAL,Vegetación o bosque siempreverde de la vertiente Caribe de la cordillera Central,10.1,0.07622249787817457,0
103,0,Valle Occidental,Alajuela,San Ramon,Piedades Sur,1162,6,2,3,4,0,15,1,TRICOR,10:27:00 UTC,25.6,1.4,0,0,2,12,20.41666603088379,2349,150.0555536482069,22.22222222222222,11,6.1,6,Valle del río Tempisque. Pie de monte de las cordilleras Volcánica de Guanacaste y Tilarán y lomas bajas del norte de la península  de Nicoya,Bosque deciduo a semideciduo de las llanuras de Guanacaste-Valle Central e Islas del Pacífica Norte,6a,6.1,UF6,SubUF6.2,FORMACIONES VEGETALES DECIDUA A SEMIDECIDUA DE LAS LLANURAS DE GUANACASTE-PENÍNSULA DE NICOYA-ISLAS DEL PACÍFICO NORTE-VALLE CENTRAL,Vegetación o bosque decíduo o semideciduo sobre tierras elevadas de las llanuras de Guanacaste-Península de Nicoya-Islas del Pacífico Norte-Valle Central,6.1,0.3143501274259949,0
106,0,Valle Occidental,Alajuela,San Ramon,Piedades Sur,1094,5,5,3,1,0,3,1,TRICOR,11:34:00 UTC,28.8,1,0,0,1,15,21.045833587646484,2126,150.0555536482069,22.22222222222222,11,6.1,6,Valle del río Tempisque. Pie de monte de las cordilleras Volcánica de Guanacaste y Tilarán y lomas bajas del norte de la península  de Nicoya,Bosque deciduo a semideciduo de las llanuras de Guanacaste-Valle Central e Islas del Pacífica Norte,6a,6.1,UF6,SubUF6.2,FORMACIONES VEGETALES DECIDUA A SEMIDECIDUA DE LAS LLANURAS DE GUANACASTE-PENÍNSULA DE NICOYA-ISLAS DEL PACÍFICO NORTE-VALLE CENTRAL,Vegetación o bosque decíduo o semideciduo sobre tierras elevadas de las llanuras de Guanacaste-Península de Nicoya-Islas del Pacífico Norte-Valle Central,6.1,0.1425912015415265,0
107,0,Valle Occidental,Alajuela,Palmares,Santiago,1144,2,2,3,0,4,2,1,TRICOR,12:10:00 UTC,25.3,1,0,0,2,1,20.641666412353516,2532,159.92222044203015,22.22222222222222,11,6.1,6,Valle del río Tempisque. Pie de monte de las cordilleras Volcánica de Guanacaste y Tilarán y lomas bajas del norte de la península  de Nicoya,Bosque deciduo a semideciduo de las llanuras de Guanacaste-Valle Central e Islas del Pacífica Norte,6a,6.1,UF6,SubUF6.2,FORMACIONES VEGETALES DECIDUA A SEMIDECIDUA DE LAS LLANURAS DE GUANACASTE-PENÍNSULA DE NICOYA-ISLAS DEL PACÍFICO NORTE-VALLE CENTRAL,Vegetación o bosque decíduo o semideciduo sobre tierras elevadas de las llanuras de Guanacaste-Península de Nicoya-Islas del Pacífico Norte-Valle Central,6.1,0.017775454188994903,0
111,0,Valle Occidental,Alajuela,San Ramon,Santiago,1094,6.8999999999999995,6.8999999999999995,3,1,2,7,1,TRICOR,09:45:00 UTC,26.1,0.7,0,0,2,2,20.866666793823242,2565,157.77777735392252,22.166666666666668,11,6.1,6,Valle del río Tempisque. Pie de monte de las cordilleras Volcánica de Guanacaste y Tilarán y lomas bajas del norte de la península  de Nicoya,Bosque deciduo a semideciduo de las llanuras de Guanacaste-Valle Central e Islas del Pacífica Norte,6a,6.1,UF6,SubUF6.2,FORMACIONES VEGETALES DECIDUA A SEMIDECIDUA DE LAS LLANURAS DE GUANACASTE-PENÍNSULA DE NICOYA-ISLAS DEL PACÍFICO NORTE-VALLE CENTRAL,Vegetación o bosque decíduo o semideciduo sobre tierras elevadas de las llanuras de Guanacaste-Península de Nicoya-Islas del Pacífico Norte-Valle Central,6.1,0.06187318284276894,0
13,0,Los Santos,San José,Desamparados,Frailes,1584,0.69,0.69,2,4,0,12,1,TRIFUL,08:37:00 UTC,18.8,2.6,1,1,1,20,18.34583282470703,2018,169.61111450195313,20.444444444444443,18,11.1,12,Cordillera de Talamanca. Laderas del Pacífico de la cordillera de Talmanca de 1000 a 3000 metros de altitud. Topografía quebrada.,"Bosque mixto intermedio estacional, subnuboso a nuboso de la Vertiente Pacífica de la Cordillera de Talamanca",12a,1.1,UF11,SubUF11.1,FORMACIONES VEGETALES SIEMPREVERDE MONATANA DE LA CORDILLERA DE TALAMANCA,"Vegetación o bosque mixto intermedio estacional, subnuboso a nuboso de la vertiente Pacífica de la Cordillera de Talamanca",11.1,0.0231502644811598,0
77,0,Valle Central,San José,Puriscal,Barbacoas,1085,1.38,1.38,1,1,4,5,1,TRIFUL,08:00:00 UTC,22.2,1.2,0,0,2,NA,21.429166793823242,2381,179.07777743869357,22.666666666666668,17,12.1,13,Valle Central y cerros de Escazú y Turrubares. Tierras plano onduladas del valle Central y áreas de topografía quebrada de los sistemas montañosos al sur,Bosque siempreverde estacional de las serranías y valles del Pacífico Central,13a,1.2,UF12,SubUF12.1,FORMACIONES VEGETALES SIEMPREVERDE SUBMONATANA A MONATANA DEL PACÍFICO CENTRAL(Valle Central-Cerro Turrubares),"Vegetación o bosque siempreverde submontano estacional de serranias, valles y mesetas del Pacífico Central",12.1,0.16799973882667885,0
92,0,Valle Occidental,Alajuela,San Ramon,Santiago,1090,11,10,3,1,0,1,1,TRIFUL,08:54:00 UTC,22.5,0,0,0,2,3,20.950000762939453,2539,157.77777735392252,22.166666666666668,11,6.1,6,Valle del río Tempisque. Pie de monte de las cordilleras Volcánica de Guanacaste y Tilarán y lomas bajas del norte de la península  de Nicoya,Bosque deciduo a semideciduo de las llanuras de Guanacaste-Valle Central e Islas del Pacífica Norte,6a,6.1,UF6,SubUF6.2,FORMACIONES VEGETALES DECIDUA A SEMIDECIDUA DE LAS LLANURAS DE GUANACASTE-PENÍNSULA DE NICOYA-ISLAS DEL PACÍFICO NORTE-VALLE CENTRAL,Vegetación o bosque decíduo o semideciduo sobre tierras elevadas de las llanuras de Guanacaste-Península de Nicoya-Islas del Pacífico Norte-Valle Central,6.1,0.018213866039952998,0
105,0,Valle Occidental,Alajuela,Naranjo,San Juan,1221,NA,NA,3,4,0,2,2,"TRISIL, HLCSPP",08:13:00 UTC,22.3,0.6,0,0,2,80,20.070833206176758,2555,163.28888850741916,22.27777777777778,16,10.1,11,Cordilleras de Tilarán y Volcánica Central. Cimas de la cordillera de Tilarán y de la cordillera Volcánica Central y laderas del pacífico por encima de los 1200 metros de altitud. Topografía quebrada,Bosque siempreverde estacional de la Vertiente Pacífica de la Cordillera Central,11a,1,UF10,SubUF10.1,FORMACIONES VEGETALES SIEMPREVERDE MONTANA DE LA CORDILLERA CENTRAL,Vegetación o bosque siempreverde de la vertiente Caribe de la cordillera Central,10.1,0.011793146254614355,0
